fold,repeat,subject,subject_id,split
1,1,6,NeuroIMAGE-2419464,fit
1,1,28,NeuroIMAGE-3858891,fit
1,1,2,NeuroIMAGE-8991934,fit
1,1,31,NeuroIMAGE-3980079,fit
1,1,36,NeuroIMAGE-3304956,fit
1,1,20,NeuroIMAGE-2876903,fit
1,1,21,NeuroIMAGE-7446626,fit
1,1,38,NeuroIMAGE-1411495,fit
1,1,16,NeuroIMAGE-3108222,fit
1,1,1,NeuroIMAGE-7504392,fit
1,1,13,NeuroIMAGE-9956994,fit
1,1,37,NeuroIMAGE-1538046,fit
1,1,10,NeuroIMAGE-1017176,fit
1,1,9,NeuroIMAGE-1312097,fit
1,1,23,NeuroIMAGE-3941358,fit
1,1,22,NeuroIMAGE-2074737,fit
1,1,4,NeuroIMAGE-2574674,fit
1,1,32,NeuroIMAGE-3449233,fit
1,1,35,NeuroIMAGE-2961243,fit
1,1,33,NeuroIMAGE-2756846,fit
1,1,7,NeuroIMAGE-4134561,fit
1,1,34,NeuroIMAGE-1208586,fit
1,1,14,NeuroIMAGE-2671604,fit
1,1,19,NeuroIMAGE-6115230,fit
1,1,12,NeuroIMAGE-3808273,fit
1,1,8,NeuroIMAGE-4239636,fit
1,1,17,NeuroIMAGE-4020830,fit
1,1,26,NeuroIMAGE-8387093,fit
1,1,25,NeuroIMAGE-2352986,fit
1,1,27,NeuroIMAGE-3322144,inner_val
1,1,3,NeuroIMAGE-3888614,inner_val
1,1,29,NeuroIMAGE-3007585,inner_val
1,1,15,NeuroIMAGE-3566449,inner_val
1,1,18,NeuroIMAGE-1125505,inner_val
1,1,11,NeuroIMAGE-8409791,inner_val
1,1,0,NeuroIMAGE-1588809,outer_val
1,1,5,NeuroIMAGE-7339173,outer_val
1,1,24,NeuroIMAGE-3959823,outer_val
1,1,30,NeuroIMAGE-3190461,outer_val
2,1,14,NeuroIMAGE-2671604,fit
2,1,23,NeuroIMAGE-3941358,fit
2,1,10,NeuroIMAGE-1017176,fit
2,1,32,NeuroIMAGE-3449233,fit
2,1,1,NeuroIMAGE-7504392,fit
2,1,30,NeuroIMAGE-3190461,fit
2,1,24,NeuroIMAGE-3959823,fit
2,1,21,NeuroIMAGE-7446626,fit
2,1,28,NeuroIMAGE-3858891,fit
2,1,17,NeuroIMAGE-4020830,fit
2,1,25,NeuroIMAGE-2352986,fit
2,1,31,NeuroIMAGE-3980079,fit
2,1,2,NeuroIMAGE-8991934,fit
2,1,4,NeuroIMAGE-2574674,fit
2,1,22,NeuroIMAGE-2074737,fit
2,1,26,NeuroIMAGE-8387093,fit
2,1,29,NeuroIMAGE-3007585,fit
2,1,18,NeuroIMAGE-1125505,fit
2,1,33,NeuroIMAGE-2756846,fit
2,1,5,NeuroIMAGE-7339173,fit
2,1,19,NeuroIMAGE-6115230,fit
2,1,15,NeuroIMAGE-3566449,fit
2,1,9,NeuroIMAGE-1312097,fit
2,1,20,NeuroIMAGE-2876903,fit
2,1,16,NeuroIMAGE-3108222,fit
2,1,38,NeuroIMAGE-1411495,fit
2,1,37,NeuroIMAGE-1538046,fit
2,1,3,NeuroIMAGE-3888614,fit
2,1,12,NeuroIMAGE-3808273,fit
2,1,0,NeuroIMAGE-1588809,inner_val
2,1,36,NeuroIMAGE-3304956,inner_val
2,1,8,NeuroIMAGE-4239636,inner_val
2,1,27,NeuroIMAGE-3322144,inner_val
2,1,6,NeuroIMAGE-2419464,inner_val
2,1,34,NeuroIMAGE-1208586,inner_val
2,1,7,NeuroIMAGE-4134561,outer_val
2,1,11,NeuroIMAGE-8409791,outer_val
2,1,13,NeuroIMAGE-9956994,outer_val
2,1,35,NeuroIMAGE-2961243,outer_val
3,1,2,NeuroIMAGE-8991934,fit
3,1,36,NeuroIMAGE-3304956,fit
3,1,25,NeuroIMAGE-2352986,fit
3,1,4,NeuroIMAGE-2574674,fit
3,1,17,NeuroIMAGE-4020830,fit
3,1,34,NeuroIMAGE-1208586,fit
3,1,7,NeuroIMAGE-4134561,fit
3,1,6,NeuroIMAGE-2419464,fit
3,1,35,NeuroIMAGE-2961243,fit
3,1,22,NeuroIMAGE-2074737,fit
3,1,1,NeuroIMAGE-7504392,fit
3,1,18,NeuroIMAGE-1125505,fit
3,1,0,NeuroIMAGE-1588809,fit
3,1,28,NeuroIMAGE-3858891,fit
3,1,11,NeuroIMAGE-8409791,fit
3,1,13,NeuroIMAGE-9956994,fit
3,1,14,NeuroIMAGE-2671604,fit
3,1,24,NeuroIMAGE-3959823,fit
3,1,32,NeuroIMAGE-3449233,fit
3,1,23,NeuroIMAGE-3941358,fit
3,1,8,NeuroIMAGE-4239636,fit
3,1,30,NeuroIMAGE-3190461,fit
3,1,37,NeuroIMAGE-1538046,fit
3,1,3,NeuroIMAGE-3888614,fit
3,1,15,NeuroIMAGE-3566449,fit
3,1,10,NeuroIMAGE-1017176,fit
3,1,26,NeuroIMAGE-8387093,fit
3,1,9,NeuroIMAGE-1312097,fit
3,1,31,NeuroIMAGE-3980079,fit
3,1,19,NeuroIMAGE-6115230,inner_val
3,1,5,NeuroIMAGE-7339173,inner_val
3,1,27,NeuroIMAGE-3322144,inner_val
3,1,33,NeuroIMAGE-2756846,inner_val
3,1,21,NeuroIMAGE-7446626,inner_val
3,1,16,NeuroIMAGE-3108222,inner_val
3,1,12,NeuroIMAGE-3808273,outer_val
3,1,20,NeuroIMAGE-2876903,outer_val
3,1,29,NeuroIMAGE-3007585,outer_val
3,1,38,NeuroIMAGE-1411495,outer_val
4,1,36,NeuroIMAGE-3304956,fit
4,1,30,NeuroIMAGE-3190461,fit
4,1,5,NeuroIMAGE-7339173,fit
4,1,29,NeuroIMAGE-3007585,fit
4,1,14,NeuroIMAGE-2671604,fit
4,1,33,NeuroIMAGE-2756846,fit
4,1,26,NeuroIMAGE-8387093,fit
4,1,1,NeuroIMAGE-7504392,fit
4,1,35,NeuroIMAGE-2961243,fit
4,1,12,NeuroIMAGE-3808273,fit
4,1,16,NeuroIMAGE-3108222,fit
4,1,2,NeuroIMAGE-8991934,fit
4,1,19,NeuroIMAGE-6115230,fit
4,1,34,NeuroIMAGE-1208586,fit
4,1,11,NeuroIMAGE-8409791,fit
4,1,17,NeuroIMAGE-4020830,fit
4,1,38,NeuroIMAGE-1411495,fit
4,1,10,NeuroIMAGE-1017176,fit
4,1,27,NeuroIMAGE-3322144,fit
4,1,7,NeuroIMAGE-4134561,fit
4,1,8,NeuroIMAGE-4239636,fit
4,1,37,NeuroIMAGE-1538046,fit
4,1,28,NeuroIMAGE-3858891,fit
4,1,15,NeuroIMAGE-3566449,fit
4,1,13,NeuroIMAGE-9956994,fit
4,1,21,NeuroIMAGE-7446626,fit
4,1,22,NeuroIMAGE-2074737,fit
4,1,24,NeuroIMAGE-3959823,fit
4,1,9,NeuroIMAGE-1312097,fit
4,1,18,NeuroIMAGE-1125505,inner_val
4,1,6,NeuroIMAGE-2419464,inner_val
4,1,0,NeuroIMAGE-1588809,inner_val
4,1,32,NeuroIMAGE-3449233,inner_val
4,1,3,NeuroIMAGE-3888614,inner_val
4,1,20,NeuroIMAGE-2876903,inner_val
4,1,4,NeuroIMAGE-2574674,outer_val
4,1,23,NeuroIMAGE-3941358,outer_val
4,1,25,NeuroIMAGE-2352986,outer_val
4,1,31,NeuroIMAGE-3980079,outer_val
5,1,4,NeuroIMAGE-2574674,fit
5,1,5,NeuroIMAGE-7339173,fit
5,1,21,NeuroIMAGE-7446626,fit
5,1,14,NeuroIMAGE-2671604,fit
5,1,37,NeuroIMAGE-1538046,fit
5,1,11,NeuroIMAGE-8409791,fit
5,1,26,NeuroIMAGE-8387093,fit
5,1,30,NeuroIMAGE-3190461,fit
5,1,23,NeuroIMAGE-3941358,fit
5,1,6,NeuroIMAGE-2419464,fit
5,1,38,NeuroIMAGE-1411495,fit
5,1,17,NeuroIMAGE-4020830,fit
5,1,9,NeuroIMAGE-1312097,fit
5,1,27,NeuroIMAGE-3322144,fit
5,1,22,NeuroIMAGE-2074737,fit
5,1,36,NeuroIMAGE-3304956,fit
5,1,25,NeuroIMAGE-2352986,fit
5,1,24,NeuroIMAGE-3959823,fit
5,1,35,NeuroIMAGE-2961243,fit
5,1,8,NeuroIMAGE-4239636,fit
5,1,28,NeuroIMAGE-3858891,fit
5,1,32,NeuroIMAGE-3449233,fit
5,1,0,NeuroIMAGE-1588809,fit
5,1,3,NeuroIMAGE-3888614,fit
5,1,20,NeuroIMAGE-2876903,fit
5,1,2,NeuroIMAGE-8991934,fit
5,1,19,NeuroIMAGE-6115230,fit
5,1,15,NeuroIMAGE-3566449,fit
5,1,29,NeuroIMAGE-3007585,fit
5,1,31,NeuroIMAGE-3980079,inner_val
5,1,34,NeuroIMAGE-1208586,inner_val
5,1,12,NeuroIMAGE-3808273,inner_val
5,1,7,NeuroIMAGE-4134561,inner_val
5,1,18,NeuroIMAGE-1125505,inner_val
5,1,13,NeuroIMAGE-9956994,inner_val
5,1,1,NeuroIMAGE-7504392,outer_val
5,1,10,NeuroIMAGE-1017176,outer_val
5,1,16,NeuroIMAGE-3108222,outer_val
5,1,33,NeuroIMAGE-2756846,outer_val
6,1,9,NeuroIMAGE-1312097,fit
6,1,13,NeuroIMAGE-9956994,fit
6,1,18,NeuroIMAGE-1125505,fit
6,1,0,NeuroIMAGE-1588809,fit
6,1,20,NeuroIMAGE-2876903,fit
6,1,27,NeuroIMAGE-3322144,fit
6,1,37,NeuroIMAGE-1538046,fit
6,1,16,NeuroIMAGE-3108222,fit
6,1,36,NeuroIMAGE-3304956,fit
6,1,34,NeuroIMAGE-1208586,fit
6,1,1,NeuroIMAGE-7504392,fit
6,1,3,NeuroIMAGE-3888614,fit
6,1,35,NeuroIMAGE-2961243,fit
6,1,32,NeuroIMAGE-3449233,fit
6,1,12,NeuroIMAGE-3808273,fit
6,1,14,NeuroIMAGE-2671604,fit
6,1,8,NeuroIMAGE-4239636,fit
6,1,25,NeuroIMAGE-2352986,fit
6,1,19,NeuroIMAGE-6115230,fit
6,1,28,NeuroIMAGE-3858891,fit
6,1,33,NeuroIMAGE-2756846,fit
6,1,4,NeuroIMAGE-2574674,fit
6,1,24,NeuroIMAGE-3959823,fit
6,1,5,NeuroIMAGE-7339173,fit
6,1,30,NeuroIMAGE-3190461,fit
6,1,7,NeuroIMAGE-4134561,fit
6,1,29,NeuroIMAGE-3007585,fit
6,1,21,NeuroIMAGE-7446626,fit
6,1,6,NeuroIMAGE-2419464,fit
6,1,10,NeuroIMAGE-1017176,inner_val
6,1,38,NeuroIMAGE-1411495,inner_val
6,1,31,NeuroIMAGE-3980079,inner_val
6,1,11,NeuroIMAGE-8409791,inner_val
6,1,23,NeuroIMAGE-3941358,inner_val
6,1,15,NeuroIMAGE-3566449,inner_val
6,1,2,NeuroIMAGE-8991934,outer_val
6,1,17,NeuroIMAGE-4020830,outer_val
6,1,22,NeuroIMAGE-2074737,outer_val
6,1,26,NeuroIMAGE-8387093,outer_val
7,1,31,NeuroIMAGE-3980079,fit
7,1,18,NeuroIMAGE-1125505,fit
7,1,21,NeuroIMAGE-7446626,fit
7,1,15,NeuroIMAGE-3566449,fit
7,1,17,NeuroIMAGE-4020830,fit
7,1,24,NeuroIMAGE-3959823,fit
7,1,14,NeuroIMAGE-2671604,fit
7,1,34,NeuroIMAGE-1208586,fit
7,1,27,NeuroIMAGE-3322144,fit
7,1,26,NeuroIMAGE-8387093,fit
7,1,28,NeuroIMAGE-3858891,fit
7,1,10,NeuroIMAGE-1017176,fit
7,1,2,NeuroIMAGE-8991934,fit
7,1,3,NeuroIMAGE-3888614,fit
7,1,11,NeuroIMAGE-8409791,fit
7,1,5,NeuroIMAGE-7339173,fit
7,1,13,NeuroIMAGE-9956994,fit
7,1,30,NeuroIMAGE-3190461,fit
7,1,9,NeuroIMAGE-1312097,fit
7,1,16,NeuroIMAGE-3108222,fit
7,1,1,NeuroIMAGE-7504392,fit
7,1,25,NeuroIMAGE-2352986,fit
7,1,4,NeuroIMAGE-2574674,fit
7,1,19,NeuroIMAGE-6115230,fit
7,1,29,NeuroIMAGE-3007585,fit
7,1,38,NeuroIMAGE-1411495,fit
7,1,37,NeuroIMAGE-1538046,fit
7,1,23,NeuroIMAGE-3941358,fit
7,1,22,NeuroIMAGE-2074737,fit
7,1,0,NeuroIMAGE-1588809,inner_val
7,1,35,NeuroIMAGE-2961243,inner_val
7,1,7,NeuroIMAGE-4134561,inner_val
7,1,12,NeuroIMAGE-3808273,inner_val
7,1,20,NeuroIMAGE-2876903,inner_val
7,1,33,NeuroIMAGE-2756846,inner_val
7,1,6,NeuroIMAGE-2419464,outer_val
7,1,8,NeuroIMAGE-4239636,outer_val
7,1,32,NeuroIMAGE-3449233,outer_val
7,1,36,NeuroIMAGE-3304956,outer_val
8,1,22,NeuroIMAGE-2074737,fit
8,1,38,NeuroIMAGE-1411495,fit
8,1,37,NeuroIMAGE-1538046,fit
8,1,20,NeuroIMAGE-2876903,fit
8,1,30,NeuroIMAGE-3190461,fit
8,1,34,NeuroIMAGE-1208586,fit
8,1,23,NeuroIMAGE-3941358,fit
8,1,12,NeuroIMAGE-3808273,fit
8,1,7,NeuroIMAGE-4134561,fit
8,1,31,NeuroIMAGE-3980079,fit
8,1,18,NeuroIMAGE-1125505,fit
8,1,29,NeuroIMAGE-3007585,fit
8,1,27,NeuroIMAGE-3322144,fit
8,1,5,NeuroIMAGE-7339173,fit
8,1,2,NeuroIMAGE-8991934,fit
8,1,35,NeuroIMAGE-2961243,fit
8,1,28,NeuroIMAGE-3858891,fit
8,1,1,NeuroIMAGE-7504392,fit
8,1,24,NeuroIMAGE-3959823,fit
8,1,0,NeuroIMAGE-1588809,fit
8,1,9,NeuroIMAGE-1312097,fit
8,1,13,NeuroIMAGE-9956994,fit
8,1,6,NeuroIMAGE-2419464,fit
8,1,16,NeuroIMAGE-3108222,fit
8,1,10,NeuroIMAGE-1017176,fit
8,1,33,NeuroIMAGE-2756846,fit
8,1,8,NeuroIMAGE-4239636,fit
8,1,4,NeuroIMAGE-2574674,fit
8,1,36,NeuroIMAGE-3304956,fit
8,1,11,NeuroIMAGE-8409791,inner_val
8,1,15,NeuroIMAGE-3566449,inner_val
8,1,32,NeuroIMAGE-3449233,inner_val
8,1,17,NeuroIMAGE-4020830,inner_val
8,1,26,NeuroIMAGE-8387093,inner_val
8,1,25,NeuroIMAGE-2352986,inner_val
8,1,3,NeuroIMAGE-3888614,outer_val
8,1,14,NeuroIMAGE-2671604,outer_val
8,1,19,NeuroIMAGE-6115230,outer_val
8,1,21,NeuroIMAGE-7446626,outer_val
9,1,11,NeuroIMAGE-8409791,fit
9,1,26,NeuroIMAGE-8387093,fit
9,1,12,NeuroIMAGE-3808273,fit
9,1,22,NeuroIMAGE-2074737,fit
9,1,5,NeuroIMAGE-7339173,fit
9,1,38,NeuroIMAGE-1411495,fit
9,1,10,NeuroIMAGE-1017176,fit
9,1,14,NeuroIMAGE-2671604,fit
9,1,33,NeuroIMAGE-2756846,fit
9,1,8,NeuroIMAGE-4239636,fit
9,1,4,NeuroIMAGE-2574674,fit
9,1,1,NeuroIMAGE-7504392,fit
9,1,7,NeuroIMAGE-4134561,fit
9,1,31,NeuroIMAGE-3980079,fit
9,1,2,NeuroIMAGE-8991934,fit
9,1,6,NeuroIMAGE-2419464,fit
9,1,21,NeuroIMAGE-7446626,fit
9,1,25,NeuroIMAGE-2352986,fit
9,1,24,NeuroIMAGE-3959823,fit
9,1,19,NeuroIMAGE-6115230,fit
9,1,35,NeuroIMAGE-2961243,fit
9,1,3,NeuroIMAGE-3888614,fit
9,1,28,NeuroIMAGE-3858891,fit
9,1,9,NeuroIMAGE-1312097,fit
9,1,13,NeuroIMAGE-9956994,fit
9,1,16,NeuroIMAGE-3108222,fit
9,1,23,NeuroIMAGE-3941358,fit
9,1,32,NeuroIMAGE-3449233,fit
9,1,36,NeuroIMAGE-3304956,fit
9,1,15,NeuroIMAGE-3566449,inner_val
9,1,20,NeuroIMAGE-2876903,inner_val
9,1,29,NeuroIMAGE-3007585,inner_val
9,1,0,NeuroIMAGE-1588809,inner_val
9,1,17,NeuroIMAGE-4020830,inner_val
9,1,30,NeuroIMAGE-3190461,inner_val
9,1,18,NeuroIMAGE-1125505,outer_val
9,1,27,NeuroIMAGE-3322144,outer_val
9,1,34,NeuroIMAGE-1208586,outer_val
9,1,37,NeuroIMAGE-1538046,outer_val
10,1,38,NeuroIMAGE-1411495,fit
10,1,16,NeuroIMAGE-3108222,fit
10,1,2,NeuroIMAGE-8991934,fit
10,1,18,NeuroIMAGE-1125505,fit
10,1,33,NeuroIMAGE-2756846,fit
10,1,1,NeuroIMAGE-7504392,fit
10,1,27,NeuroIMAGE-3322144,fit
10,1,31,NeuroIMAGE-3980079,fit
10,1,32,NeuroIMAGE-3449233,fit
10,1,17,NeuroIMAGE-4020830,fit
10,1,36,NeuroIMAGE-3304956,fit
10,1,11,NeuroIMAGE-8409791,fit
10,1,19,NeuroIMAGE-6115230,fit
10,1,37,NeuroIMAGE-1538046,fit
10,1,23,NeuroIMAGE-3941358,fit
10,1,10,NeuroIMAGE-1017176,fit
10,1,12,NeuroIMAGE-3808273,fit
10,1,5,NeuroIMAGE-7339173,fit
10,1,24,NeuroIMAGE-3959823,fit
10,1,6,NeuroIMAGE-2419464,fit
10,1,34,NeuroIMAGE-1208586,fit
10,1,8,NeuroIMAGE-4239636,fit
10,1,30,NeuroIMAGE-3190461,fit
10,1,29,NeuroIMAGE-3007585,fit
10,1,35,NeuroIMAGE-2961243,fit
10,1,22,NeuroIMAGE-2074737,fit
10,1,13,NeuroIMAGE-9956994,fit
10,1,20,NeuroIMAGE-2876903,fit
10,1,4,NeuroIMAGE-2574674,fit
10,1,25,NeuroIMAGE-2352986,fit
10,1,3,NeuroIMAGE-3888614,inner_val
10,1,26,NeuroIMAGE-8387093,inner_val
10,1,21,NeuroIMAGE-7446626,inner_val
10,1,7,NeuroIMAGE-4134561,inner_val
10,1,14,NeuroIMAGE-2671604,inner_val
10,1,0,NeuroIMAGE-1588809,inner_val
10,1,9,NeuroIMAGE-1312097,outer_val
10,1,15,NeuroIMAGE-3566449,outer_val
10,1,28,NeuroIMAGE-3858891,outer_val
11,2,14,NeuroIMAGE-2671604,fit
11,2,28,NeuroIMAGE-3858891,fit
11,2,11,NeuroIMAGE-8409791,fit
11,2,4,NeuroIMAGE-2574674,fit
11,2,10,NeuroIMAGE-1017176,fit
11,2,12,NeuroIMAGE-3808273,fit
11,2,36,NeuroIMAGE-3304956,fit
11,2,17,NeuroIMAGE-4020830,fit
11,2,31,NeuroIMAGE-3980079,fit
11,2,23,NeuroIMAGE-3941358,fit
11,2,8,NeuroIMAGE-4239636,fit
11,2,37,NeuroIMAGE-1538046,fit
11,2,3,NeuroIMAGE-3888614,fit
11,2,16,NeuroIMAGE-3108222,fit
11,2,38,NeuroIMAGE-1411495,fit
11,2,6,NeuroIMAGE-2419464,fit
11,2,30,NeuroIMAGE-3190461,fit
11,2,24,NeuroIMAGE-3959823,fit
11,2,22,NeuroIMAGE-2074737,fit
11,2,35,NeuroIMAGE-2961243,fit
11,2,20,NeuroIMAGE-2876903,fit
11,2,9,NeuroIMAGE-1312097,fit
11,2,13,NeuroIMAGE-9956994,fit
11,2,15,NeuroIMAGE-3566449,fit
11,2,29,NeuroIMAGE-3007585,fit
11,2,1,NeuroIMAGE-7504392,fit
11,2,5,NeuroIMAGE-7339173,fit
11,2,21,NeuroIMAGE-7446626,fit
11,2,7,NeuroIMAGE-4134561,fit
11,2,19,NeuroIMAGE-6115230,inner_val
11,2,25,NeuroIMAGE-2352986,inner_val
11,2,32,NeuroIMAGE-3449233,inner_val
11,2,34,NeuroIMAGE-1208586,inner_val
11,2,26,NeuroIMAGE-8387093,inner_val
11,2,2,NeuroIMAGE-8991934,inner_val
11,2,0,NeuroIMAGE-1588809,outer_val
11,2,18,NeuroIMAGE-1125505,outer_val
11,2,27,NeuroIMAGE-3322144,outer_val
11,2,33,NeuroIMAGE-2756846,outer_val
12,2,35,NeuroIMAGE-2961243,fit
12,2,33,NeuroIMAGE-2756846,fit
12,2,13,NeuroIMAGE-9956994,fit
12,2,31,NeuroIMAGE-3980079,fit
12,2,25,NeuroIMAGE-2352986,fit
12,2,18,NeuroIMAGE-1125505,fit
12,2,16,NeuroIMAGE-3108222,fit
12,2,27,NeuroIMAGE-3322144,fit
12,2,37,NeuroIMAGE-1538046,fit
12,2,22,NeuroIMAGE-2074737,fit
12,2,8,NeuroIMAGE-4239636,fit
12,2,19,NeuroIMAGE-6115230,fit
12,2,26,NeuroIMAGE-8387093,fit
12,2,14,NeuroIMAGE-2671604,fit
12,2,20,NeuroIMAGE-2876903,fit
12,2,28,NeuroIMAGE-3858891,fit
12,2,0,NeuroIMAGE-1588809,fit
12,2,32,NeuroIMAGE-3449233,fit
12,2,3,NeuroIMAGE-3888614,fit
12,2,6,NeuroIMAGE-2419464,fit
12,2,38,NeuroIMAGE-1411495,fit
12,2,5,NeuroIMAGE-7339173,fit
12,2,7,NeuroIMAGE-4134561,fit
12,2,10,NeuroIMAGE-1017176,fit
12,2,11,NeuroIMAGE-8409791,fit
12,2,30,NeuroIMAGE-3190461,fit
12,2,15,NeuroIMAGE-3566449,fit
12,2,1,NeuroIMAGE-7504392,fit
12,2,4,NeuroIMAGE-2574674,fit
12,2,24,NeuroIMAGE-3959823,inner_val
12,2,36,NeuroIMAGE-3304956,inner_val
12,2,9,NeuroIMAGE-1312097,inner_val
12,2,34,NeuroIMAGE-1208586,inner_val
12,2,21,NeuroIMAGE-7446626,inner_val
12,2,12,NeuroIMAGE-3808273,inner_val
12,2,2,NeuroIMAGE-8991934,outer_val
12,2,17,NeuroIMAGE-4020830,outer_val
12,2,23,NeuroIMAGE-3941358,outer_val
12,2,29,NeuroIMAGE-3007585,outer_val
13,2,27,NeuroIMAGE-3322144,fit
13,2,6,NeuroIMAGE-2419464,fit
13,2,12,NeuroIMAGE-3808273,fit
13,2,37,NeuroIMAGE-1538046,fit
13,2,25,NeuroIMAGE-2352986,fit
13,2,0,NeuroIMAGE-1588809,fit
13,2,5,NeuroIMAGE-7339173,fit
13,2,32,NeuroIMAGE-3449233,fit
13,2,14,NeuroIMAGE-2671604,fit
13,2,36,NeuroIMAGE-3304956,fit
13,2,11,NeuroIMAGE-8409791,fit
13,2,33,NeuroIMAGE-2756846,fit
13,2,24,NeuroIMAGE-3959823,fit
13,2,38,NeuroIMAGE-1411495,fit
13,2,22,NeuroIMAGE-2074737,fit
13,2,8,NeuroIMAGE-4239636,fit
13,2,35,NeuroIMAGE-2961243,fit
13,2,19,NeuroIMAGE-6115230,fit
13,2,18,NeuroIMAGE-1125505,fit
13,2,2,NeuroIMAGE-8991934,fit
13,2,16,NeuroIMAGE-3108222,fit
13,2,10,NeuroIMAGE-1017176,fit
13,2,3,NeuroIMAGE-3888614,fit
13,2,21,NeuroIMAGE-7446626,fit
13,2,34,NeuroIMAGE-1208586,fit
13,2,13,NeuroIMAGE-9956994,fit
13,2,23,NeuroIMAGE-3941358,fit
13,2,17,NeuroIMAGE-4020830,fit
13,2,31,NeuroIMAGE-3980079,fit
13,2,20,NeuroIMAGE-2876903,inner_val
13,2,29,NeuroIMAGE-3007585,inner_val
13,2,4,NeuroIMAGE-2574674,inner_val
13,2,1,NeuroIMAGE-7504392,inner_val
13,2,15,NeuroIMAGE-3566449,inner_val
13,2,9,NeuroIMAGE-1312097,inner_val
13,2,7,NeuroIMAGE-4134561,outer_val
13,2,26,NeuroIMAGE-8387093,outer_val
13,2,28,NeuroIMAGE-3858891,outer_val
13,2,30,NeuroIMAGE-3190461,outer_val
14,2,17,NeuroIMAGE-4020830,fit
14,2,3,NeuroIMAGE-3888614,fit
14,2,37,NeuroIMAGE-1538046,fit
14,2,22,NeuroIMAGE-2074737,fit
14,2,35,NeuroIMAGE-2961243,fit
14,2,20,NeuroIMAGE-2876903,fit
14,2,33,NeuroIMAGE-2756846,fit
14,2,14,NeuroIMAGE-2671604,fit
14,2,19,NeuroIMAGE-6115230,fit
14,2,28,NeuroIMAGE-3858891,fit
14,2,6,NeuroIMAGE-2419464,fit
14,2,0,NeuroIMAGE-1588809,fit
14,2,36,NeuroIMAGE-3304956,fit
14,2,4,NeuroIMAGE-2574674,fit
14,2,9,NeuroIMAGE-1312097,fit
14,2,29,NeuroIMAGE-3007585,fit
14,2,15,NeuroIMAGE-3566449,fit
14,2,7,NeuroIMAGE-4134561,fit
14,2,26,NeuroIMAGE-8387093,fit
14,2,30,NeuroIMAGE-3190461,fit
14,2,38,NeuroIMAGE-1411495,fit
14,2,5,NeuroIMAGE-7339173,fit
14,2,12,NeuroIMAGE-3808273,fit
14,2,18,NeuroIMAGE-1125505,fit
14,2,27,NeuroIMAGE-3322144,fit
14,2,1,NeuroIMAGE-7504392,fit
14,2,21,NeuroIMAGE-7446626,fit
14,2,32,NeuroIMAGE-3449233,fit
14,2,2,NeuroIMAGE-8991934,fit
14,2,34,NeuroIMAGE-1208586,inner_val
14,2,13,NeuroIMAGE-9956994,inner_val
14,2,11,NeuroIMAGE-8409791,inner_val
14,2,25,NeuroIMAGE-2352986,inner_val
14,2,31,NeuroIMAGE-3980079,inner_val
14,2,23,NeuroIMAGE-3941358,inner_val
14,2,8,NeuroIMAGE-4239636,outer_val
14,2,10,NeuroIMAGE-1017176,outer_val
14,2,16,NeuroIMAGE-3108222,outer_val
14,2,24,NeuroIMAGE-3959823,outer_val
15,2,32,NeuroIMAGE-3449233,fit
15,2,13,NeuroIMAGE-9956994,fit
15,2,30,NeuroIMAGE-3190461,fit
15,2,3,NeuroIMAGE-3888614,fit
15,2,8,NeuroIMAGE-4239636,fit
15,2,26,NeuroIMAGE-8387093,fit
15,2,20,NeuroIMAGE-2876903,fit
15,2,33,NeuroIMAGE-2756846,fit
15,2,15,NeuroIMAGE-3566449,fit
15,2,38,NeuroIMAGE-1411495,fit
15,2,29,NeuroIMAGE-3007585,fit
15,2,22,NeuroIMAGE-2074737,fit
15,2,10,NeuroIMAGE-1017176,fit
15,2,23,NeuroIMAGE-3941358,fit
15,2,21,NeuroIMAGE-7446626,fit
15,2,18,NeuroIMAGE-1125505,fit
15,2,17,NeuroIMAGE-4020830,fit
15,2,24,NeuroIMAGE-3959823,fit
15,2,19,NeuroIMAGE-6115230,fit
15,2,7,NeuroIMAGE-4134561,fit
15,2,37,NeuroIMAGE-1538046,fit
15,2,34,NeuroIMAGE-1208586,fit
15,2,2,NeuroIMAGE-8991934,fit
15,2,12,NeuroIMAGE-3808273,fit
15,2,14,NeuroIMAGE-2671604,fit
15,2,4,NeuroIMAGE-2574674,fit
15,2,25,NeuroIMAGE-2352986,fit
15,2,9,NeuroIMAGE-1312097,fit
15,2,5,NeuroIMAGE-7339173,fit
15,2,1,NeuroIMAGE-7504392,inner_val
15,2,28,NeuroIMAGE-3858891,inner_val
15,2,27,NeuroIMAGE-3322144,inner_val
15,2,0,NeuroIMAGE-1588809,inner_val
15,2,6,NeuroIMAGE-2419464,inner_val
15,2,16,NeuroIMAGE-3108222,inner_val
15,2,11,NeuroIMAGE-8409791,outer_val
15,2,31,NeuroIMAGE-3980079,outer_val
15,2,35,NeuroIMAGE-2961243,outer_val
15,2,36,NeuroIMAGE-3304956,outer_val
16,2,31,NeuroIMAGE-3980079,fit
16,2,6,NeuroIMAGE-2419464,fit
16,2,23,NeuroIMAGE-3941358,fit
16,2,35,NeuroIMAGE-2961243,fit
16,2,28,NeuroIMAGE-3858891,fit
16,2,26,NeuroIMAGE-8387093,fit
16,2,3,NeuroIMAGE-3888614,fit
16,2,1,NeuroIMAGE-7504392,fit
16,2,14,NeuroIMAGE-2671604,fit
16,2,17,NeuroIMAGE-4020830,fit
16,2,19,NeuroIMAGE-6115230,fit
16,2,37,NeuroIMAGE-1538046,fit
16,2,30,NeuroIMAGE-3190461,fit
16,2,24,NeuroIMAGE-3959823,fit
16,2,25,NeuroIMAGE-2352986,fit
16,2,27,NeuroIMAGE-3322144,fit
16,2,15,NeuroIMAGE-3566449,fit
16,2,33,NeuroIMAGE-2756846,fit
16,2,4,NeuroIMAGE-2574674,fit
16,2,36,NeuroIMAGE-3304956,fit
16,2,11,NeuroIMAGE-8409791,fit
16,2,32,NeuroIMAGE-3449233,fit
16,2,18,NeuroIMAGE-1125505,fit
16,2,10,NeuroIMAGE-1017176,fit
16,2,7,NeuroIMAGE-4134561,fit
16,2,8,NeuroIMAGE-4239636,fit
16,2,0,NeuroIMAGE-1588809,fit
16,2,34,NeuroIMAGE-1208586,fit
16,2,2,NeuroIMAGE-8991934,fit
16,2,38,NeuroIMAGE-1411495,inner_val
16,2,29,NeuroIMAGE-3007585,inner_val
16,2,16,NeuroIMAGE-3108222,inner_val
16,2,21,NeuroIMAGE-7446626,inner_val
16,2,9,NeuroIMAGE-1312097,inner_val
16,2,22,NeuroIMAGE-2074737,inner_val
16,2,5,NeuroIMAGE-7339173,outer_val
16,2,12,NeuroIMAGE-3808273,outer_val
16,2,13,NeuroIMAGE-9956994,outer_val
16,2,20,NeuroIMAGE-2876903,outer_val
17,2,36,NeuroIMAGE-3304956,fit
17,2,14,NeuroIMAGE-2671604,fit
17,2,26,NeuroIMAGE-8387093,fit
17,2,15,NeuroIMAGE-3566449,fit
17,2,17,NeuroIMAGE-4020830,fit
17,2,27,NeuroIMAGE-3322144,fit
17,2,4,NeuroIMAGE-2574674,fit
17,2,37,NeuroIMAGE-1538046,fit
17,2,28,NeuroIMAGE-3858891,fit
17,2,1,NeuroIMAGE-7504392,fit
17,2,32,NeuroIMAGE-3449233,fit
17,2,30,NeuroIMAGE-3190461,fit
17,2,7,NeuroIMAGE-4134561,fit
17,2,23,NeuroIMAGE-3941358,fit
17,2,11,NeuroIMAGE-8409791,fit
17,2,10,NeuroIMAGE-1017176,fit
17,2,33,NeuroIMAGE-2756846,fit
17,2,24,NeuroIMAGE-3959823,fit
17,2,16,NeuroIMAGE-3108222,fit
17,2,8,NeuroIMAGE-4239636,fit
17,2,6,NeuroIMAGE-2419464,fit
17,2,2,NeuroIMAGE-8991934,fit
17,2,29,NeuroIMAGE-3007585,fit
17,2,20,NeuroIMAGE-2876903,fit
17,2,18,NeuroIMAGE-1125505,fit
17,2,22,NeuroIMAGE-2074737,fit
17,2,19,NeuroIMAGE-6115230,fit
17,2,3,NeuroIMAGE-3888614,fit
17,2,13,NeuroIMAGE-9956994,fit
17,2,25,NeuroIMAGE-2352986,inner_val
17,2,31,NeuroIMAGE-3980079,inner_val
17,2,0,NeuroIMAGE-1588809,inner_val
17,2,5,NeuroIMAGE-7339173,inner_val
17,2,35,NeuroIMAGE-2961243,inner_val
17,2,12,NeuroIMAGE-3808273,inner_val
17,2,9,NeuroIMAGE-1312097,outer_val
17,2,21,NeuroIMAGE-7446626,outer_val
17,2,34,NeuroIMAGE-1208586,outer_val
17,2,38,NeuroIMAGE-1411495,outer_val
18,2,17,NeuroIMAGE-4020830,fit
18,2,12,NeuroIMAGE-3808273,fit
18,2,10,NeuroIMAGE-1017176,fit
18,2,29,NeuroIMAGE-3007585,fit
18,2,21,NeuroIMAGE-7446626,fit
18,2,13,NeuroIMAGE-9956994,fit
18,2,34,NeuroIMAGE-1208586,fit
18,2,9,NeuroIMAGE-1312097,fit
18,2,38,NeuroIMAGE-1411495,fit
18,2,35,NeuroIMAGE-2961243,fit
18,2,23,NeuroIMAGE-3941358,fit
18,2,27,NeuroIMAGE-3322144,fit
18,2,2,NeuroIMAGE-8991934,fit
18,2,5,NeuroIMAGE-7339173,fit
18,2,30,NeuroIMAGE-3190461,fit
18,2,1,NeuroIMAGE-7504392,fit
18,2,11,NeuroIMAGE-8409791,fit
18,2,31,NeuroIMAGE-3980079,fit
18,2,37,NeuroIMAGE-1538046,fit
18,2,28,NeuroIMAGE-3858891,fit
18,2,0,NeuroIMAGE-1588809,fit
18,2,4,NeuroIMAGE-2574674,fit
18,2,6,NeuroIMAGE-2419464,fit
18,2,26,NeuroIMAGE-8387093,fit
18,2,33,NeuroIMAGE-2756846,fit
18,2,16,NeuroIMAGE-3108222,fit
18,2,15,NeuroIMAGE-3566449,fit
18,2,7,NeuroIMAGE-4134561,fit
18,2,14,NeuroIMAGE-2671604,fit
18,2,36,NeuroIMAGE-3304956,inner_val
18,2,18,NeuroIMAGE-1125505,inner_val
18,2,3,NeuroIMAGE-3888614,inner_val
18,2,24,NeuroIMAGE-3959823,inner_val
18,2,20,NeuroIMAGE-2876903,inner_val
18,2,8,NeuroIMAGE-4239636,inner_val
18,2,19,NeuroIMAGE-6115230,outer_val
18,2,22,NeuroIMAGE-2074737,outer_val
18,2,25,NeuroIMAGE-2352986,outer_val
18,2,32,NeuroIMAGE-3449233,outer_val
19,2,36,NeuroIMAGE-3304956,fit
19,2,33,NeuroIMAGE-2756846,fit
19,2,35,NeuroIMAGE-2961243,fit
19,2,26,NeuroIMAGE-8387093,fit
19,2,12,NeuroIMAGE-3808273,fit
19,2,19,NeuroIMAGE-6115230,fit
19,2,21,NeuroIMAGE-7446626,fit
19,2,5,NeuroIMAGE-7339173,fit
19,2,30,NeuroIMAGE-3190461,fit
19,2,15,NeuroIMAGE-3566449,fit
19,2,14,NeuroIMAGE-2671604,fit
19,2,17,NeuroIMAGE-4020830,fit
19,2,31,NeuroIMAGE-3980079,fit
19,2,7,NeuroIMAGE-4134561,fit
19,2,18,NeuroIMAGE-1125505,fit
19,2,34,NeuroIMAGE-1208586,fit
19,2,20,NeuroIMAGE-2876903,fit
19,2,11,NeuroIMAGE-8409791,fit
19,2,0,NeuroIMAGE-1588809,fit
19,2,38,NeuroIMAGE-1411495,fit
19,2,23,NeuroIMAGE-3941358,fit
19,2,25,NeuroIMAGE-2352986,fit
19,2,29,NeuroIMAGE-3007585,fit
19,2,27,NeuroIMAGE-3322144,fit
19,2,4,NeuroIMAGE-2574674,fit
19,2,28,NeuroIMAGE-3858891,fit
19,2,9,NeuroIMAGE-1312097,fit
19,2,13,NeuroIMAGE-9956994,fit
19,2,8,NeuroIMAGE-4239636,fit
19,2,32,NeuroIMAGE-3449233,inner_val
19,2,22,NeuroIMAGE-2074737,inner_val
19,2,16,NeuroIMAGE-3108222,inner_val
19,2,2,NeuroIMAGE-8991934,inner_val
19,2,24,NeuroIMAGE-3959823,inner_val
19,2,10,NeuroIMAGE-1017176,inner_val
19,2,1,NeuroIMAGE-7504392,outer_val
19,2,3,NeuroIMAGE-3888614,outer_val
19,2,6,NeuroIMAGE-2419464,outer_val
19,2,37,NeuroIMAGE-1538046,outer_val
20,2,18,NeuroIMAGE-1125505,fit
20,2,32,NeuroIMAGE-3449233,fit
20,2,17,NeuroIMAGE-4020830,fit
20,2,26,NeuroIMAGE-8387093,fit
20,2,28,NeuroIMAGE-3858891,fit
20,2,19,NeuroIMAGE-6115230,fit
20,2,33,NeuroIMAGE-2756846,fit
20,2,24,NeuroIMAGE-3959823,fit
20,2,36,NeuroIMAGE-3304956,fit
20,2,13,NeuroIMAGE-9956994,fit
20,2,23,NeuroIMAGE-3941358,fit
20,2,3,NeuroIMAGE-3888614,fit
20,2,30,NeuroIMAGE-3190461,fit
20,2,20,NeuroIMAGE-2876903,fit
20,2,38,NeuroIMAGE-1411495,fit
20,2,0,NeuroIMAGE-1588809,fit
20,2,9,NeuroIMAGE-1312097,fit
20,2,8,NeuroIMAGE-4239636,fit
20,2,12,NeuroIMAGE-3808273,fit
20,2,1,NeuroIMAGE-7504392,fit
20,2,31,NeuroIMAGE-3980079,fit
20,2,25,NeuroIMAGE-2352986,fit
20,2,10,NeuroIMAGE-1017176,fit
20,2,2,NeuroIMAGE-8991934,fit
20,2,22,NeuroIMAGE-2074737,fit
20,2,7,NeuroIMAGE-4134561,fit
20,2,27,NeuroIMAGE-3322144,fit
20,2,34,NeuroIMAGE-1208586,fit
20,2,11,NeuroIMAGE-8409791,fit
20,2,29,NeuroIMAGE-3007585,fit
20,2,16,NeuroIMAGE-3108222,inner_val
20,2,5,NeuroIMAGE-7339173,inner_val
20,2,37,NeuroIMAGE-1538046,inner_val
20,2,35,NeuroIMAGE-2961243,inner_val
20,2,6,NeuroIMAGE-2419464,inner_val
20,2,21,NeuroIMAGE-7446626,inner_val
20,2,4,NeuroIMAGE-2574674,outer_val
20,2,14,NeuroIMAGE-2671604,outer_val
20,2,15,NeuroIMAGE-3566449,outer_val
21,3,3,NeuroIMAGE-3888614,fit
21,3,10,NeuroIMAGE-1017176,fit
21,3,14,NeuroIMAGE-2671604,fit
21,3,27,NeuroIMAGE-3322144,fit
21,3,35,NeuroIMAGE-2961243,fit
21,3,9,NeuroIMAGE-1312097,fit
21,3,19,NeuroIMAGE-6115230,fit
21,3,21,NeuroIMAGE-7446626,fit
21,3,29,NeuroIMAGE-3007585,fit
21,3,18,NeuroIMAGE-1125505,fit
21,3,23,NeuroIMAGE-3941358,fit
21,3,5,NeuroIMAGE-7339173,fit
21,3,8,NeuroIMAGE-4239636,fit
21,3,1,NeuroIMAGE-7504392,fit
21,3,7,NeuroIMAGE-4134561,fit
21,3,33,NeuroIMAGE-2756846,fit
21,3,4,NeuroIMAGE-2574674,fit
21,3,6,NeuroIMAGE-2419464,fit
21,3,22,NeuroIMAGE-2074737,fit
21,3,13,NeuroIMAGE-9956994,fit
21,3,25,NeuroIMAGE-2352986,fit
21,3,24,NeuroIMAGE-3959823,fit
21,3,31,NeuroIMAGE-3980079,fit
21,3,20,NeuroIMAGE-2876903,fit
21,3,32,NeuroIMAGE-3449233,fit
21,3,28,NeuroIMAGE-3858891,fit
21,3,15,NeuroIMAGE-3566449,fit
21,3,11,NeuroIMAGE-8409791,fit
21,3,34,NeuroIMAGE-1208586,fit
21,3,26,NeuroIMAGE-8387093,inner_val
21,3,12,NeuroIMAGE-3808273,inner_val
21,3,38,NeuroIMAGE-1411495,inner_val
21,3,16,NeuroIMAGE-3108222,inner_val
21,3,17,NeuroIMAGE-4020830,inner_val
21,3,37,NeuroIMAGE-1538046,inner_val
21,3,0,NeuroIMAGE-1588809,outer_val
21,3,2,NeuroIMAGE-8991934,outer_val
21,3,30,NeuroIMAGE-3190461,outer_val
21,3,36,NeuroIMAGE-3304956,outer_val
22,3,5,NeuroIMAGE-7339173,fit
22,3,16,NeuroIMAGE-3108222,fit
22,3,17,NeuroIMAGE-4020830,fit
22,3,30,NeuroIMAGE-3190461,fit
22,3,14,NeuroIMAGE-2671604,fit
22,3,31,NeuroIMAGE-3980079,fit
22,3,27,NeuroIMAGE-3322144,fit
22,3,2,NeuroIMAGE-8991934,fit
22,3,7,NeuroIMAGE-4134561,fit
22,3,10,NeuroIMAGE-1017176,fit
22,3,25,NeuroIMAGE-2352986,fit
22,3,21,NeuroIMAGE-7446626,fit
22,3,20,NeuroIMAGE-2876903,fit
22,3,37,NeuroIMAGE-1538046,fit
22,3,13,NeuroIMAGE-9956994,fit
22,3,36,NeuroIMAGE-3304956,fit
22,3,3,NeuroIMAGE-3888614,fit
22,3,33,NeuroIMAGE-2756846,fit
22,3,32,NeuroIMAGE-3449233,fit
22,3,22,NeuroIMAGE-2074737,fit
22,3,6,NeuroIMAGE-2419464,fit
22,3,28,NeuroIMAGE-3858891,fit
22,3,8,NeuroIMAGE-4239636,fit
22,3,9,NeuroIMAGE-1312097,fit
22,3,18,NeuroIMAGE-1125505,fit
22,3,35,NeuroIMAGE-2961243,fit
22,3,23,NeuroIMAGE-3941358,fit
22,3,38,NeuroIMAGE-1411495,fit
22,3,12,NeuroIMAGE-3808273,fit
22,3,26,NeuroIMAGE-8387093,inner_val
22,3,24,NeuroIMAGE-3959823,inner_val
22,3,34,NeuroIMAGE-1208586,inner_val
22,3,0,NeuroIMAGE-1588809,inner_val
22,3,19,NeuroIMAGE-6115230,inner_val
22,3,15,NeuroIMAGE-3566449,inner_val
22,3,1,NeuroIMAGE-7504392,outer_val
22,3,4,NeuroIMAGE-2574674,outer_val
22,3,11,NeuroIMAGE-8409791,outer_val
22,3,29,NeuroIMAGE-3007585,outer_val
23,3,12,NeuroIMAGE-3808273,fit
23,3,33,NeuroIMAGE-2756846,fit
23,3,38,NeuroIMAGE-1411495,fit
23,3,8,NeuroIMAGE-4239636,fit
23,3,23,NeuroIMAGE-3941358,fit
23,3,35,NeuroIMAGE-2961243,fit
23,3,3,NeuroIMAGE-3888614,fit
23,3,26,NeuroIMAGE-8387093,fit
23,3,7,NeuroIMAGE-4134561,fit
23,3,22,NeuroIMAGE-2074737,fit
23,3,14,NeuroIMAGE-2671604,fit
23,3,15,NeuroIMAGE-3566449,fit
23,3,4,NeuroIMAGE-2574674,fit
23,3,34,NeuroIMAGE-1208586,fit
23,3,25,NeuroIMAGE-2352986,fit
23,3,17,NeuroIMAGE-4020830,fit
23,3,29,NeuroIMAGE-3007585,fit
23,3,0,NeuroIMAGE-1588809,fit
23,3,5,NeuroIMAGE-7339173,fit
23,3,11,NeuroIMAGE-8409791,fit
23,3,10,NeuroIMAGE-1017176,fit
23,3,13,NeuroIMAGE-9956994,fit
23,3,36,NeuroIMAGE-3304956,fit
23,3,24,NeuroIMAGE-3959823,fit
23,3,2,NeuroIMAGE-8991934,fit
23,3,31,NeuroIMAGE-3980079,fit
23,3,21,NeuroIMAGE-7446626,fit
23,3,27,NeuroIMAGE-3322144,fit
23,3,28,NeuroIMAGE-3858891,fit
23,3,30,NeuroIMAGE-3190461,inner_val
23,3,6,NeuroIMAGE-2419464,inner_val
23,3,32,NeuroIMAGE-3449233,inner_val
23,3,9,NeuroIMAGE-1312097,inner_val
23,3,37,NeuroIMAGE-1538046,inner_val
23,3,1,NeuroIMAGE-7504392,inner_val
23,3,16,NeuroIMAGE-3108222,outer_val
23,3,18,NeuroIMAGE-1125505,outer_val
23,3,19,NeuroIMAGE-6115230,outer_val
23,3,20,NeuroIMAGE-2876903,outer_val
24,3,28,NeuroIMAGE-3858891,fit
24,3,22,NeuroIMAGE-2074737,fit
24,3,29,NeuroIMAGE-3007585,fit
24,3,36,NeuroIMAGE-3304956,fit
24,3,23,NeuroIMAGE-3941358,fit
24,3,24,NeuroIMAGE-3959823,fit
24,3,9,NeuroIMAGE-1312097,fit
24,3,34,NeuroIMAGE-1208586,fit
24,3,38,NeuroIMAGE-1411495,fit
24,3,13,NeuroIMAGE-9956994,fit
24,3,12,NeuroIMAGE-3808273,fit
24,3,27,NeuroIMAGE-3322144,fit
24,3,31,NeuroIMAGE-3980079,fit
24,3,37,NeuroIMAGE-1538046,fit
24,3,30,NeuroIMAGE-3190461,fit
24,3,20,NeuroIMAGE-2876903,fit
24,3,3,NeuroIMAGE-3888614,fit
24,3,2,NeuroIMAGE-8991934,fit
24,3,17,NeuroIMAGE-4020830,fit
24,3,21,NeuroIMAGE-7446626,fit
24,3,18,NeuroIMAGE-1125505,fit
24,3,19,NeuroIMAGE-6115230,fit
24,3,5,NeuroIMAGE-7339173,fit
24,3,4,NeuroIMAGE-2574674,fit
24,3,0,NeuroIMAGE-1588809,fit
24,3,6,NeuroIMAGE-2419464,fit
24,3,7,NeuroIMAGE-4134561,fit
24,3,32,NeuroIMAGE-3449233,fit
24,3,1,NeuroIMAGE-7504392,fit
24,3,25,NeuroIMAGE-2352986,inner_val
24,3,16,NeuroIMAGE-3108222,inner_val
24,3,11,NeuroIMAGE-8409791,inner_val
24,3,10,NeuroIMAGE-1017176,inner_val
24,3,35,NeuroIMAGE-2961243,inner_val
24,3,26,NeuroIMAGE-8387093,inner_val
24,3,8,NeuroIMAGE-4239636,outer_val
24,3,14,NeuroIMAGE-2671604,outer_val
24,3,15,NeuroIMAGE-3566449,outer_val
24,3,33,NeuroIMAGE-2756846,outer_val
25,3,18,NeuroIMAGE-1125505,fit
25,3,1,NeuroIMAGE-7504392,fit
25,3,21,NeuroIMAGE-7446626,fit
25,3,12,NeuroIMAGE-3808273,fit
25,3,4,NeuroIMAGE-2574674,fit
25,3,7,NeuroIMAGE-4134561,fit
25,3,14,NeuroIMAGE-2671604,fit
25,3,20,NeuroIMAGE-2876903,fit
25,3,25,NeuroIMAGE-2352986,fit
25,3,34,NeuroIMAGE-1208586,fit
25,3,29,NeuroIMAGE-3007585,fit
25,3,19,NeuroIMAGE-6115230,fit
25,3,36,NeuroIMAGE-3304956,fit
25,3,11,NeuroIMAGE-8409791,fit
25,3,3,NeuroIMAGE-3888614,fit
25,3,5,NeuroIMAGE-7339173,fit
25,3,30,NeuroIMAGE-3190461,fit
25,3,6,NeuroIMAGE-2419464,fit
25,3,16,NeuroIMAGE-3108222,fit
25,3,13,NeuroIMAGE-9956994,fit
25,3,23,NeuroIMAGE-3941358,fit
25,3,8,NeuroIMAGE-4239636,fit
25,3,17,NeuroIMAGE-4020830,fit
25,3,15,NeuroIMAGE-3566449,fit
25,3,33,NeuroIMAGE-2756846,fit
25,3,2,NeuroIMAGE-8991934,fit
25,3,10,NeuroIMAGE-1017176,fit
25,3,31,NeuroIMAGE-3980079,fit
25,3,0,NeuroIMAGE-1588809,fit
25,3,28,NeuroIMAGE-3858891,inner_val
25,3,35,NeuroIMAGE-2961243,inner_val
25,3,32,NeuroIMAGE-3449233,inner_val
25,3,38,NeuroIMAGE-1411495,inner_val
25,3,27,NeuroIMAGE-3322144,inner_val
25,3,24,NeuroIMAGE-3959823,inner_val
25,3,9,NeuroIMAGE-1312097,outer_val
25,3,22,NeuroIMAGE-2074737,outer_val
25,3,26,NeuroIMAGE-8387093,outer_val
25,3,37,NeuroIMAGE-1538046,outer_val
26,3,23,NeuroIMAGE-3941358,fit
26,3,8,NeuroIMAGE-4239636,fit
26,3,33,NeuroIMAGE-2756846,fit
26,3,11,NeuroIMAGE-8409791,fit
26,3,36,NeuroIMAGE-3304956,fit
26,3,2,NeuroIMAGE-8991934,fit
26,3,18,NeuroIMAGE-1125505,fit
26,3,24,NeuroIMAGE-3959823,fit
26,3,21,NeuroIMAGE-7446626,fit
26,3,14,NeuroIMAGE-2671604,fit
26,3,4,NeuroIMAGE-2574674,fit
26,3,37,NeuroIMAGE-1538046,fit
26,3,15,NeuroIMAGE-3566449,fit
26,3,10,NeuroIMAGE-1017176,fit
26,3,30,NeuroIMAGE-3190461,fit
26,3,13,NeuroIMAGE-9956994,fit
26,3,26,NeuroIMAGE-8387093,fit
26,3,0,NeuroIMAGE-1588809,fit
26,3,20,NeuroIMAGE-2876903,fit
26,3,38,NeuroIMAGE-1411495,fit
26,3,25,NeuroIMAGE-2352986,fit
26,3,1,NeuroIMAGE-7504392,fit
26,3,16,NeuroIMAGE-3108222,fit
26,3,7,NeuroIMAGE-4134561,fit
26,3,35,NeuroIMAGE-2961243,fit
26,3,19,NeuroIMAGE-6115230,fit
26,3,29,NeuroIMAGE-3007585,fit
26,3,22,NeuroIMAGE-2074737,fit
26,3,31,NeuroIMAGE-3980079,fit
26,3,5,NeuroIMAGE-7339173,inner_val
26,3,27,NeuroIMAGE-3322144,inner_val
26,3,17,NeuroIMAGE-4020830,inner_val
26,3,9,NeuroIMAGE-1312097,inner_val
26,3,3,NeuroIMAGE-3888614,inner_val
26,3,32,NeuroIMAGE-3449233,inner_val
26,3,6,NeuroIMAGE-2419464,outer_val
26,3,12,NeuroIMAGE-3808273,outer_val
26,3,28,NeuroIMAGE-3858891,outer_val
26,3,34,NeuroIMAGE-1208586,outer_val
27,3,7,NeuroIMAGE-4134561,fit
27,3,16,NeuroIMAGE-3108222,fit
27,3,4,NeuroIMAGE-2574674,fit
27,3,0,NeuroIMAGE-1588809,fit
27,3,18,NeuroIMAGE-1125505,fit
27,3,32,NeuroIMAGE-3449233,fit
27,3,15,NeuroIMAGE-3566449,fit
27,3,19,NeuroIMAGE-6115230,fit
27,3,28,NeuroIMAGE-3858891,fit
27,3,20,NeuroIMAGE-2876903,fit
27,3,2,NeuroIMAGE-8991934,fit
27,3,35,NeuroIMAGE-2961243,fit
27,3,36,NeuroIMAGE-3304956,fit
27,3,17,NeuroIMAGE-4020830,fit
27,3,13,NeuroIMAGE-9956994,fit
27,3,38,NeuroIMAGE-1411495,fit
27,3,33,NeuroIMAGE-2756846,fit
27,3,29,NeuroIMAGE-3007585,fit
27,3,11,NeuroIMAGE-8409791,fit
27,3,14,NeuroIMAGE-2671604,fit
27,3,5,NeuroIMAGE-7339173,fit
27,3,9,NeuroIMAGE-1312097,fit
27,3,1,NeuroIMAGE-7504392,fit
27,3,34,NeuroIMAGE-1208586,fit
27,3,22,NeuroIMAGE-2074737,fit
27,3,30,NeuroIMAGE-3190461,fit
27,3,31,NeuroIMAGE-3980079,fit
27,3,12,NeuroIMAGE-3808273,fit
27,3,8,NeuroIMAGE-4239636,fit
27,3,27,NeuroIMAGE-3322144,inner_val
27,3,21,NeuroIMAGE-7446626,inner_val
27,3,37,NeuroIMAGE-1538046,inner_val
27,3,26,NeuroIMAGE-8387093,inner_val
27,3,10,NeuroIMAGE-1017176,inner_val
27,3,6,NeuroIMAGE-2419464,inner_val
27,3,3,NeuroIMAGE-3888614,outer_val
27,3,23,NeuroIMAGE-3941358,outer_val
27,3,24,NeuroIMAGE-3959823,outer_val
27,3,25,NeuroIMAGE-2352986,outer_val
28,3,15,NeuroIMAGE-3566449,fit
28,3,19,NeuroIMAGE-6115230,fit
28,3,1,NeuroIMAGE-7504392,fit
28,3,4,NeuroIMAGE-2574674,fit
28,3,11,NeuroIMAGE-8409791,fit
28,3,20,NeuroIMAGE-2876903,fit
28,3,32,NeuroIMAGE-3449233,fit
28,3,5,NeuroIMAGE-7339173,fit
28,3,10,NeuroIMAGE-1017176,fit
28,3,29,NeuroIMAGE-3007585,fit
28,3,33,NeuroIMAGE-2756846,fit
28,3,6,NeuroIMAGE-2419464,fit
28,3,25,NeuroIMAGE-2352986,fit
28,3,3,NeuroIMAGE-3888614,fit
28,3,17,NeuroIMAGE-4020830,fit
28,3,0,NeuroIMAGE-1588809,fit
28,3,24,NeuroIMAGE-3959823,fit
28,3,22,NeuroIMAGE-2074737,fit
28,3,28,NeuroIMAGE-3858891,fit
28,3,31,NeuroIMAGE-3980079,fit
28,3,8,NeuroIMAGE-4239636,fit
28,3,23,NeuroIMAGE-3941358,fit
28,3,7,NeuroIMAGE-4134561,fit
28,3,16,NeuroIMAGE-3108222,fit
28,3,9,NeuroIMAGE-1312097,fit
28,3,36,NeuroIMAGE-3304956,fit
28,3,34,NeuroIMAGE-1208586,fit
28,3,12,NeuroIMAGE-3808273,fit
28,3,2,NeuroIMAGE-8991934,fit
28,3,30,NeuroIMAGE-3190461,inner_val
28,3,26,NeuroIMAGE-8387093,inner_val
28,3,27,NeuroIMAGE-3322144,inner_val
28,3,18,NeuroIMAGE-1125505,inner_val
28,3,14,NeuroIMAGE-2671604,inner_val
28,3,37,NeuroIMAGE-1538046,inner_val
28,3,13,NeuroIMAGE-9956994,outer_val
28,3,21,NeuroIMAGE-7446626,outer_val
28,3,35,NeuroIMAGE-2961243,outer_val
28,3,38,NeuroIMAGE-1411495,outer_val
29,3,18,NeuroIMAGE-1125505,fit
29,3,23,NeuroIMAGE-3941358,fit
29,3,36,NeuroIMAGE-3304956,fit
29,3,29,NeuroIMAGE-3007585,fit
29,3,11,NeuroIMAGE-8409791,fit
29,3,14,NeuroIMAGE-2671604,fit
29,3,17,NeuroIMAGE-4020830,fit
29,3,8,NeuroIMAGE-4239636,fit
29,3,33,NeuroIMAGE-2756846,fit
29,3,35,NeuroIMAGE-2961243,fit
29,3,30,NeuroIMAGE-3190461,fit
29,3,6,NeuroIMAGE-2419464,fit
29,3,20,NeuroIMAGE-2876903,fit
29,3,3,NeuroIMAGE-3888614,fit
29,3,32,NeuroIMAGE-3449233,fit
29,3,5,NeuroIMAGE-7339173,fit
29,3,12,NeuroIMAGE-3808273,fit
29,3,16,NeuroIMAGE-3108222,fit
29,3,24,NeuroIMAGE-3959823,fit
29,3,1,NeuroIMAGE-7504392,fit
29,3,13,NeuroIMAGE-9956994,fit
29,3,9,NeuroIMAGE-1312097,fit
29,3,25,NeuroIMAGE-2352986,fit
29,3,21,NeuroIMAGE-7446626,fit
29,3,19,NeuroIMAGE-6115230,fit
29,3,15,NeuroIMAGE-3566449,fit
29,3,2,NeuroIMAGE-8991934,fit
29,3,38,NeuroIMAGE-1411495,fit
29,3,4,NeuroIMAGE-2574674,fit
29,3,26,NeuroIMAGE-8387093,inner_val
29,3,22,NeuroIMAGE-2074737,inner_val
29,3,37,NeuroIMAGE-1538046,inner_val
29,3,28,NeuroIMAGE-3858891,inner_val
29,3,0,NeuroIMAGE-1588809,inner_val
29,3,34,NeuroIMAGE-1208586,inner_val
29,3,7,NeuroIMAGE-4134561,outer_val
29,3,10,NeuroIMAGE-1017176,outer_val
29,3,27,NeuroIMAGE-3322144,outer_val
29,3,31,NeuroIMAGE-3980079,outer_val
30,3,12,NeuroIMAGE-3808273,fit
30,3,24,NeuroIMAGE-3959823,fit
30,3,26,NeuroIMAGE-8387093,fit
30,3,20,NeuroIMAGE-2876903,fit
30,3,29,NeuroIMAGE-3007585,fit
30,3,11,NeuroIMAGE-8409791,fit
30,3,16,NeuroIMAGE-3108222,fit
30,3,37,NeuroIMAGE-1538046,fit
30,3,36,NeuroIMAGE-3304956,fit
30,3,31,NeuroIMAGE-3980079,fit
30,3,4,NeuroIMAGE-2574674,fit
30,3,30,NeuroIMAGE-3190461,fit
30,3,8,NeuroIMAGE-4239636,fit
30,3,27,NeuroIMAGE-3322144,fit
30,3,6,NeuroIMAGE-2419464,fit
30,3,18,NeuroIMAGE-1125505,fit
30,3,2,NeuroIMAGE-8991934,fit
30,3,7,NeuroIMAGE-4134561,fit
30,3,28,NeuroIMAGE-3858891,fit
30,3,21,NeuroIMAGE-7446626,fit
30,3,13,NeuroIMAGE-9956994,fit
30,3,15,NeuroIMAGE-3566449,fit
30,3,33,NeuroIMAGE-2756846,fit
30,3,10,NeuroIMAGE-1017176,fit
30,3,34,NeuroIMAGE-1208586,fit
30,3,23,NeuroIMAGE-3941358,fit
30,3,22,NeuroIMAGE-2074737,fit
30,3,0,NeuroIMAGE-1588809,fit
30,3,9,NeuroIMAGE-1312097,fit
30,3,14,NeuroIMAGE-2671604,fit
30,3,35,NeuroIMAGE-2961243,inner_val
30,3,25,NeuroIMAGE-2352986,inner_val
30,3,3,NeuroIMAGE-3888614,inner_val
30,3,19,NeuroIMAGE-6115230,inner_val
30,3,1,NeuroIMAGE-7504392,inner_val
30,3,38,NeuroIMAGE-1411495,inner_val
30,3,5,NeuroIMAGE-7339173,outer_val
30,3,17,NeuroIMAGE-4020830,outer_val
30,3,32,NeuroIMAGE-3449233,outer_val
31,4,26,NeuroIMAGE-8387093,fit
31,4,23,NeuroIMAGE-3941358,fit
31,4,3,NeuroIMAGE-3888614,fit
31,4,37,NeuroIMAGE-1538046,fit
31,4,10,NeuroIMAGE-1017176,fit
31,4,29,NeuroIMAGE-3007585,fit
31,4,4,NeuroIMAGE-2574674,fit
31,4,32,NeuroIMAGE-3449233,fit
31,4,21,NeuroIMAGE-7446626,fit
31,4,14,NeuroIMAGE-2671604,fit
31,4,0,NeuroIMAGE-1588809,fit
31,4,11,NeuroIMAGE-8409791,fit
31,4,13,NeuroIMAGE-9956994,fit
31,4,5,NeuroIMAGE-7339173,fit
31,4,22,NeuroIMAGE-2074737,fit
31,4,35,NeuroIMAGE-2961243,fit
31,4,19,NeuroIMAGE-6115230,fit
31,4,36,NeuroIMAGE-3304956,fit
31,4,16,NeuroIMAGE-3108222,fit
31,4,12,NeuroIMAGE-3808273,fit
31,4,27,NeuroIMAGE-3322144,fit
31,4,34,NeuroIMAGE-1208586,fit
31,4,20,NeuroIMAGE-2876903,fit
31,4,15,NeuroIMAGE-3566449,fit
31,4,25,NeuroIMAGE-2352986,fit
31,4,6,NeuroIMAGE-2419464,fit
31,4,33,NeuroIMAGE-2756846,fit
31,4,2,NeuroIMAGE-8991934,fit
31,4,24,NeuroIMAGE-3959823,fit
31,4,31,NeuroIMAGE-3980079,inner_val
31,4,7,NeuroIMAGE-4134561,inner_val
31,4,8,NeuroIMAGE-4239636,inner_val
31,4,28,NeuroIMAGE-3858891,inner_val
31,4,17,NeuroIMAGE-4020830,inner_val
31,4,1,NeuroIMAGE-7504392,inner_val
31,4,9,NeuroIMAGE-1312097,outer_val
31,4,18,NeuroIMAGE-1125505,outer_val
31,4,30,NeuroIMAGE-3190461,outer_val
31,4,38,NeuroIMAGE-1411495,outer_val
32,4,34,NeuroIMAGE-1208586,fit
32,4,22,NeuroIMAGE-2074737,fit
32,4,23,NeuroIMAGE-3941358,fit
32,4,13,NeuroIMAGE-9956994,fit
32,4,1,NeuroIMAGE-7504392,fit
32,4,17,NeuroIMAGE-4020830,fit
32,4,20,NeuroIMAGE-2876903,fit
32,4,19,NeuroIMAGE-6115230,fit
32,4,36,NeuroIMAGE-3304956,fit
32,4,3,NeuroIMAGE-3888614,fit
32,4,5,NeuroIMAGE-7339173,fit
32,4,26,NeuroIMAGE-8387093,fit
32,4,31,NeuroIMAGE-3980079,fit
32,4,30,NeuroIMAGE-3190461,fit
32,4,10,NeuroIMAGE-1017176,fit
32,4,6,NeuroIMAGE-2419464,fit
32,4,0,NeuroIMAGE-1588809,fit
32,4,9,NeuroIMAGE-1312097,fit
32,4,24,NeuroIMAGE-3959823,fit
32,4,35,NeuroIMAGE-2961243,fit
32,4,25,NeuroIMAGE-2352986,fit
32,4,14,NeuroIMAGE-2671604,fit
32,4,27,NeuroIMAGE-3322144,fit
32,4,21,NeuroIMAGE-7446626,fit
32,4,11,NeuroIMAGE-8409791,fit
32,4,4,NeuroIMAGE-2574674,fit
32,4,33,NeuroIMAGE-2756846,fit
32,4,29,NeuroIMAGE-3007585,fit
32,4,32,NeuroIMAGE-3449233,fit
32,4,12,NeuroIMAGE-3808273,inner_val
32,4,28,NeuroIMAGE-3858891,inner_val
32,4,38,NeuroIMAGE-1411495,inner_val
32,4,8,NeuroIMAGE-4239636,inner_val
32,4,15,NeuroIMAGE-3566449,inner_val
32,4,18,NeuroIMAGE-1125505,inner_val
32,4,2,NeuroIMAGE-8991934,outer_val
32,4,7,NeuroIMAGE-4134561,outer_val
32,4,16,NeuroIMAGE-3108222,outer_val
32,4,37,NeuroIMAGE-1538046,outer_val
33,4,5,NeuroIMAGE-7339173,fit
33,4,32,NeuroIMAGE-3449233,fit
33,4,35,NeuroIMAGE-2961243,fit
33,4,2,NeuroIMAGE-8991934,fit
33,4,10,NeuroIMAGE-1017176,fit
33,4,11,NeuroIMAGE-8409791,fit
33,4,14,NeuroIMAGE-2671604,fit
33,4,27,NeuroIMAGE-3322144,fit
33,4,17,NeuroIMAGE-4020830,fit
33,4,9,NeuroIMAGE-1312097,fit
33,4,8,NeuroIMAGE-4239636,fit
33,4,23,NeuroIMAGE-3941358,fit
33,4,18,NeuroIMAGE-1125505,fit
33,4,29,NeuroIMAGE-3007585,fit
33,4,34,NeuroIMAGE-1208586,fit
33,4,19,NeuroIMAGE-6115230,fit
33,4,37,NeuroIMAGE-1538046,fit
33,4,16,NeuroIMAGE-3108222,fit
33,4,0,NeuroIMAGE-1588809,fit
33,4,36,NeuroIMAGE-3304956,fit
33,4,28,NeuroIMAGE-3858891,fit
33,4,1,NeuroIMAGE-7504392,fit
33,4,21,NeuroIMAGE-7446626,fit
33,4,22,NeuroIMAGE-2074737,fit
33,4,7,NeuroIMAGE-4134561,fit
33,4,4,NeuroIMAGE-2574674,fit
33,4,25,NeuroIMAGE-2352986,fit
33,4,15,NeuroIMAGE-3566449,fit
33,4,26,NeuroIMAGE-8387093,fit
33,4,3,NeuroIMAGE-3888614,inner_val
33,4,13,NeuroIMAGE-9956994,inner_val
33,4,30,NeuroIMAGE-3190461,inner_val
33,4,20,NeuroIMAGE-2876903,inner_val
33,4,6,NeuroIMAGE-2419464,inner_val
33,4,38,NeuroIMAGE-1411495,inner_val
33,4,12,NeuroIMAGE-3808273,outer_val
33,4,24,NeuroIMAGE-3959823,outer_val
33,4,31,NeuroIMAGE-3980079,outer_val
33,4,33,NeuroIMAGE-2756846,outer_val
34,4,13,NeuroIMAGE-9956994,fit
34,4,25,NeuroIMAGE-2352986,fit
34,4,2,NeuroIMAGE-8991934,fit
34,4,19,NeuroIMAGE-6115230,fit
34,4,32,NeuroIMAGE-3449233,fit
34,4,12,NeuroIMAGE-3808273,fit
34,4,18,NeuroIMAGE-1125505,fit
34,4,31,NeuroIMAGE-3980079,fit
34,4,3,NeuroIMAGE-3888614,fit
34,4,21,NeuroIMAGE-7446626,fit
34,4,22,NeuroIMAGE-2074737,fit
34,4,23,NeuroIMAGE-3941358,fit
34,4,20,NeuroIMAGE-2876903,fit
34,4,5,NeuroIMAGE-7339173,fit
34,4,37,NeuroIMAGE-1538046,fit
34,4,24,NeuroIMAGE-3959823,fit
34,4,26,NeuroIMAGE-8387093,fit
34,4,14,NeuroIMAGE-2671604,fit
34,4,17,NeuroIMAGE-4020830,fit
34,4,8,NeuroIMAGE-4239636,fit
34,4,0,NeuroIMAGE-1588809,fit
34,4,4,NeuroIMAGE-2574674,fit
34,4,38,NeuroIMAGE-1411495,fit
34,4,30,NeuroIMAGE-3190461,fit
34,4,27,NeuroIMAGE-3322144,fit
34,4,10,NeuroIMAGE-1017176,fit
34,4,6,NeuroIMAGE-2419464,fit
34,4,7,NeuroIMAGE-4134561,fit
34,4,9,NeuroIMAGE-1312097,fit
34,4,1,NeuroIMAGE-7504392,inner_val
34,4,11,NeuroIMAGE-8409791,inner_val
34,4,16,NeuroIMAGE-3108222,inner_val
34,4,33,NeuroIMAGE-2756846,inner_val
34,4,28,NeuroIMAGE-3858891,inner_val
34,4,34,NeuroIMAGE-1208586,inner_val
34,4,15,NeuroIMAGE-3566449,outer_val
34,4,29,NeuroIMAGE-3007585,outer_val
34,4,35,NeuroIMAGE-2961243,outer_val
34,4,36,NeuroIMAGE-3304956,outer_val
35,4,11,NeuroIMAGE-8409791,fit
35,4,35,NeuroIMAGE-2961243,fit
35,4,33,NeuroIMAGE-2756846,fit
35,4,14,NeuroIMAGE-2671604,fit
35,4,18,NeuroIMAGE-1125505,fit
35,4,7,NeuroIMAGE-4134561,fit
35,4,5,NeuroIMAGE-7339173,fit
35,4,31,NeuroIMAGE-3980079,fit
35,4,34,NeuroIMAGE-1208586,fit
35,4,24,NeuroIMAGE-3959823,fit
35,4,16,NeuroIMAGE-3108222,fit
35,4,26,NeuroIMAGE-8387093,fit
35,4,30,NeuroIMAGE-3190461,fit
35,4,4,NeuroIMAGE-2574674,fit
35,4,22,NeuroIMAGE-2074737,fit
35,4,32,NeuroIMAGE-3449233,fit
35,4,8,NeuroIMAGE-4239636,fit
35,4,37,NeuroIMAGE-1538046,fit
35,4,25,NeuroIMAGE-2352986,fit
35,4,6,NeuroIMAGE-2419464,fit
35,4,20,NeuroIMAGE-2876903,fit
35,4,38,NeuroIMAGE-1411495,fit
35,4,9,NeuroIMAGE-1312097,fit
35,4,28,NeuroIMAGE-3858891,fit
35,4,27,NeuroIMAGE-3322144,fit
35,4,29,NeuroIMAGE-3007585,fit
35,4,36,NeuroIMAGE-3304956,fit
35,4,1,NeuroIMAGE-7504392,fit
35,4,17,NeuroIMAGE-4020830,fit
35,4,2,NeuroIMAGE-8991934,inner_val
35,4,12,NeuroIMAGE-3808273,inner_val
35,4,21,NeuroIMAGE-7446626,inner_val
35,4,0,NeuroIMAGE-1588809,inner_val
35,4,15,NeuroIMAGE-3566449,inner_val
35,4,10,NeuroIMAGE-1017176,inner_val
35,4,3,NeuroIMAGE-3888614,outer_val
35,4,13,NeuroIMAGE-9956994,outer_val
35,4,19,NeuroIMAGE-6115230,outer_val
35,4,23,NeuroIMAGE-3941358,outer_val
36,4,17,NeuroIMAGE-4020830,fit
36,4,32,NeuroIMAGE-3449233,fit
36,4,12,NeuroIMAGE-3808273,fit
36,4,1,NeuroIMAGE-7504392,fit
36,4,37,NeuroIMAGE-1538046,fit
36,4,23,NeuroIMAGE-3941358,fit
36,4,29,NeuroIMAGE-3007585,fit
36,4,13,NeuroIMAGE-9956994,fit
36,4,30,NeuroIMAGE-3190461,fit
36,4,31,NeuroIMAGE-3980079,fit
36,4,16,NeuroIMAGE-3108222,fit
36,4,20,NeuroIMAGE-2876903,fit
36,4,5,NeuroIMAGE-7339173,fit
36,4,14,NeuroIMAGE-2671604,fit
36,4,11,NeuroIMAGE-8409791,fit
36,4,34,NeuroIMAGE-1208586,fit
36,4,36,NeuroIMAGE-3304956,fit
36,4,24,NeuroIMAGE-3959823,fit
36,4,7,NeuroIMAGE-4134561,fit
36,4,21,NeuroIMAGE-7446626,fit
36,4,22,NeuroIMAGE-2074737,fit
36,4,33,NeuroIMAGE-2756846,fit
36,4,38,NeuroIMAGE-1411495,fit
36,4,6,NeuroIMAGE-2419464,fit
36,4,18,NeuroIMAGE-1125505,fit
36,4,28,NeuroIMAGE-3858891,fit
36,4,9,NeuroIMAGE-1312097,fit
36,4,15,NeuroIMAGE-3566449,fit
36,4,25,NeuroIMAGE-2352986,fit
36,4,10,NeuroIMAGE-1017176,inner_val
36,4,2,NeuroIMAGE-8991934,inner_val
36,4,19,NeuroIMAGE-6115230,inner_val
36,4,35,NeuroIMAGE-2961243,inner_val
36,4,3,NeuroIMAGE-3888614,inner_val
36,4,27,NeuroIMAGE-3322144,inner_val
36,4,0,NeuroIMAGE-1588809,outer_val
36,4,4,NeuroIMAGE-2574674,outer_val
36,4,8,NeuroIMAGE-4239636,outer_val
36,4,26,NeuroIMAGE-8387093,outer_val
37,4,15,NeuroIMAGE-3566449,fit
37,4,25,NeuroIMAGE-2352986,fit
37,4,4,NeuroIMAGE-2574674,fit
37,4,8,NeuroIMAGE-4239636,fit
37,4,18,NeuroIMAGE-1125505,fit
37,4,0,NeuroIMAGE-1588809,fit
37,4,37,NeuroIMAGE-1538046,fit
37,4,2,NeuroIMAGE-8991934,fit
37,4,33,NeuroIMAGE-2756846,fit
37,4,26,NeuroIMAGE-8387093,fit
37,4,35,NeuroIMAGE-2961243,fit
37,4,7,NeuroIMAGE-4134561,fit
37,4,16,NeuroIMAGE-3108222,fit
37,4,30,NeuroIMAGE-3190461,fit
37,4,20,NeuroIMAGE-2876903,fit
37,4,28,NeuroIMAGE-3858891,fit
37,4,21,NeuroIMAGE-7446626,fit
37,4,31,NeuroIMAGE-3980079,fit
37,4,6,NeuroIMAGE-2419464,fit
37,4,29,NeuroIMAGE-3007585,fit
37,4,10,NeuroIMAGE-1017176,fit
37,4,38,NeuroIMAGE-1411495,fit
37,4,19,NeuroIMAGE-6115230,fit
37,4,12,NeuroIMAGE-3808273,fit
37,4,13,NeuroIMAGE-9956994,fit
37,4,3,NeuroIMAGE-3888614,fit
37,4,36,NeuroIMAGE-3304956,fit
37,4,24,NeuroIMAGE-3959823,fit
37,4,27,NeuroIMAGE-3322144,fit
37,4,32,NeuroIMAGE-3449233,inner_val
37,4,14,NeuroIMAGE-2671604,inner_val
37,4,9,NeuroIMAGE-1312097,inner_val
37,4,34,NeuroIMAGE-1208586,inner_val
37,4,17,NeuroIMAGE-4020830,inner_val
37,4,23,NeuroIMAGE-3941358,inner_val
37,4,1,NeuroIMAGE-7504392,outer_val
37,4,5,NeuroIMAGE-7339173,outer_val
37,4,11,NeuroIMAGE-8409791,outer_val
37,4,22,NeuroIMAGE-2074737,outer_val
38,4,15,NeuroIMAGE-3566449,fit
38,4,24,NeuroIMAGE-3959823,fit
38,4,18,NeuroIMAGE-1125505,fit
38,4,8,NeuroIMAGE-4239636,fit
38,4,6,NeuroIMAGE-2419464,fit
38,4,1,NeuroIMAGE-7504392,fit
38,4,19,NeuroIMAGE-6115230,fit
38,4,38,NeuroIMAGE-1411495,fit
38,4,26,NeuroIMAGE-8387093,fit
38,4,29,NeuroIMAGE-3007585,fit
38,4,33,NeuroIMAGE-2756846,fit
38,4,28,NeuroIMAGE-3858891,fit
38,4,31,NeuroIMAGE-3980079,fit
38,4,37,NeuroIMAGE-1538046,fit
38,4,30,NeuroIMAGE-3190461,fit
38,4,22,NeuroIMAGE-2074737,fit
38,4,3,NeuroIMAGE-3888614,fit
38,4,36,NeuroIMAGE-3304956,fit
38,4,13,NeuroIMAGE-9956994,fit
38,4,9,NeuroIMAGE-1312097,fit
38,4,7,NeuroIMAGE-4134561,fit
38,4,16,NeuroIMAGE-3108222,fit
38,4,2,NeuroIMAGE-8991934,fit
38,4,12,NeuroIMAGE-3808273,fit
38,4,23,NeuroIMAGE-3941358,fit
38,4,10,NeuroIMAGE-1017176,fit
38,4,4,NeuroIMAGE-2574674,fit
38,4,0,NeuroIMAGE-1588809,fit
38,4,27,NeuroIMAGE-3322144,fit
38,4,34,NeuroIMAGE-1208586,inner_val
38,4,11,NeuroIMAGE-8409791,inner_val
38,4,17,NeuroIMAGE-4020830,inner_val
38,4,21,NeuroIMAGE-7446626,inner_val
38,4,5,NeuroIMAGE-7339173,inner_val
38,4,35,NeuroIMAGE-2961243,inner_val
38,4,14,NeuroIMAGE-2671604,outer_val
38,4,20,NeuroIMAGE-2876903,outer_val
38,4,25,NeuroIMAGE-2352986,outer_val
38,4,32,NeuroIMAGE-3449233,outer_val
39,4,37,NeuroIMAGE-1538046,fit
39,4,16,NeuroIMAGE-3108222,fit
39,4,30,NeuroIMAGE-3190461,fit
39,4,19,NeuroIMAGE-6115230,fit
39,4,36,NeuroIMAGE-3304956,fit
39,4,22,NeuroIMAGE-2074737,fit
39,4,0,NeuroIMAGE-1588809,fit
39,4,9,NeuroIMAGE-1312097,fit
39,4,2,NeuroIMAGE-8991934,fit
39,4,38,NeuroIMAGE-1411495,fit
39,4,32,NeuroIMAGE-3449233,fit
39,4,25,NeuroIMAGE-2352986,fit
39,4,14,NeuroIMAGE-2671604,fit
39,4,7,NeuroIMAGE-4134561,fit
39,4,13,NeuroIMAGE-9956994,fit
39,4,1,NeuroIMAGE-7504392,fit
39,4,35,NeuroIMAGE-2961243,fit
39,4,15,NeuroIMAGE-3566449,fit
39,4,20,NeuroIMAGE-2876903,fit
39,4,3,NeuroIMAGE-3888614,fit
39,4,33,NeuroIMAGE-2756846,fit
39,4,24,NeuroIMAGE-3959823,fit
39,4,18,NeuroIMAGE-1125505,fit
39,4,4,NeuroIMAGE-2574674,fit
39,4,11,NeuroIMAGE-8409791,fit
39,4,23,NeuroIMAGE-3941358,fit
39,4,27,NeuroIMAGE-3322144,fit
39,4,26,NeuroIMAGE-8387093,fit
39,4,5,NeuroIMAGE-7339173,fit
39,4,10,NeuroIMAGE-1017176,inner_val
39,4,29,NeuroIMAGE-3007585,inner_val
39,4,17,NeuroIMAGE-4020830,inner_val
39,4,31,NeuroIMAGE-3980079,inner_val
39,4,12,NeuroIMAGE-3808273,inner_val
39,4,8,NeuroIMAGE-4239636,inner_val
39,4,6,NeuroIMAGE-2419464,outer_val
39,4,21,NeuroIMAGE-7446626,outer_val
39,4,28,NeuroIMAGE-3858891,outer_val
39,4,34,NeuroIMAGE-1208586,outer_val
40,4,25,NeuroIMAGE-2352986,fit
40,4,34,NeuroIMAGE-1208586,fit
40,4,37,NeuroIMAGE-1538046,fit
40,4,6,NeuroIMAGE-2419464,fit
40,4,14,NeuroIMAGE-2671604,fit
40,4,23,NeuroIMAGE-3941358,fit
40,4,9,NeuroIMAGE-1312097,fit
40,4,19,NeuroIMAGE-6115230,fit
40,4,21,NeuroIMAGE-7446626,fit
40,4,38,NeuroIMAGE-1411495,fit
40,4,26,NeuroIMAGE-8387093,fit
40,4,24,NeuroIMAGE-3959823,fit
40,4,7,NeuroIMAGE-4134561,fit
40,4,33,NeuroIMAGE-2756846,fit
40,4,8,NeuroIMAGE-4239636,fit
40,4,32,NeuroIMAGE-3449233,fit
40,4,3,NeuroIMAGE-3888614,fit
40,4,12,NeuroIMAGE-3808273,fit
40,4,29,NeuroIMAGE-3007585,fit
40,4,4,NeuroIMAGE-2574674,fit
40,4,35,NeuroIMAGE-2961243,fit
40,4,36,NeuroIMAGE-3304956,fit
40,4,0,NeuroIMAGE-1588809,fit
40,4,20,NeuroIMAGE-2876903,fit
40,4,22,NeuroIMAGE-2074737,fit
40,4,13,NeuroIMAGE-9956994,fit
40,4,18,NeuroIMAGE-1125505,fit
40,4,31,NeuroIMAGE-3980079,fit
40,4,15,NeuroIMAGE-3566449,fit
40,4,11,NeuroIMAGE-8409791,fit
40,4,28,NeuroIMAGE-3858891,inner_val
40,4,1,NeuroIMAGE-7504392,inner_val
40,4,2,NeuroIMAGE-8991934,inner_val
40,4,5,NeuroIMAGE-7339173,inner_val
40,4,30,NeuroIMAGE-3190461,inner_val
40,4,16,NeuroIMAGE-3108222,inner_val
40,4,10,NeuroIMAGE-1017176,outer_val
40,4,17,NeuroIMAGE-4020830,outer_val
40,4,27,NeuroIMAGE-3322144,outer_val
41,5,36,NeuroIMAGE-3304956,fit
41,5,32,NeuroIMAGE-3449233,fit
41,5,34,NeuroIMAGE-1208586,fit
41,5,23,NeuroIMAGE-3941358,fit
41,5,18,NeuroIMAGE-1125505,fit
41,5,12,NeuroIMAGE-3808273,fit
41,5,21,NeuroIMAGE-7446626,fit
41,5,10,NeuroIMAGE-1017176,fit
41,5,24,NeuroIMAGE-3959823,fit
41,5,25,NeuroIMAGE-2352986,fit
41,5,31,NeuroIMAGE-3980079,fit
41,5,0,NeuroIMAGE-1588809,fit
41,5,35,NeuroIMAGE-2961243,fit
41,5,16,NeuroIMAGE-3108222,fit
41,5,29,NeuroIMAGE-3007585,fit
41,5,2,NeuroIMAGE-8991934,fit
41,5,30,NeuroIMAGE-3190461,fit
41,5,19,NeuroIMAGE-6115230,fit
41,5,27,NeuroIMAGE-3322144,fit
41,5,11,NeuroIMAGE-8409791,fit
41,5,14,NeuroIMAGE-2671604,fit
41,5,17,NeuroIMAGE-4020830,fit
41,5,8,NeuroIMAGE-4239636,fit
41,5,15,NeuroIMAGE-3566449,fit
41,5,7,NeuroIMAGE-4134561,fit
41,5,37,NeuroIMAGE-1538046,fit
41,5,28,NeuroIMAGE-3858891,fit
41,5,33,NeuroIMAGE-2756846,fit
41,5,1,NeuroIMAGE-7504392,fit
41,5,26,NeuroIMAGE-8387093,inner_val
41,5,5,NeuroIMAGE-7339173,inner_val
41,5,22,NeuroIMAGE-2074737,inner_val
41,5,6,NeuroIMAGE-2419464,inner_val
41,5,38,NeuroIMAGE-1411495,inner_val
41,5,3,NeuroIMAGE-3888614,inner_val
41,5,4,NeuroIMAGE-2574674,outer_val
41,5,9,NeuroIMAGE-1312097,outer_val
41,5,13,NeuroIMAGE-9956994,outer_val
41,5,20,NeuroIMAGE-2876903,outer_val
42,5,19,NeuroIMAGE-6115230,fit
42,5,28,NeuroIMAGE-3858891,fit
42,5,7,NeuroIMAGE-4134561,fit
42,5,31,NeuroIMAGE-3980079,fit
42,5,12,NeuroIMAGE-3808273,fit
42,5,16,NeuroIMAGE-3108222,fit
42,5,5,NeuroIMAGE-7339173,fit
42,5,22,NeuroIMAGE-2074737,fit
42,5,20,NeuroIMAGE-2876903,fit
42,5,9,NeuroIMAGE-1312097,fit
42,5,37,NeuroIMAGE-1538046,fit
42,5,14,NeuroIMAGE-2671604,fit
42,5,32,NeuroIMAGE-3449233,fit
42,5,36,NeuroIMAGE-3304956,fit
42,5,21,NeuroIMAGE-7446626,fit
42,5,23,NeuroIMAGE-3941358,fit
42,5,27,NeuroIMAGE-3322144,fit
42,5,24,NeuroIMAGE-3959823,fit
42,5,15,NeuroIMAGE-3566449,fit
42,5,4,NeuroIMAGE-2574674,fit
42,5,35,NeuroIMAGE-2961243,fit
42,5,6,NeuroIMAGE-2419464,fit
42,5,8,NeuroIMAGE-4239636,fit
42,5,18,NeuroIMAGE-1125505,fit
42,5,26,NeuroIMAGE-8387093,fit
42,5,17,NeuroIMAGE-4020830,fit
42,5,25,NeuroIMAGE-2352986,fit
42,5,2,NeuroIMAGE-8991934,fit
42,5,0,NeuroIMAGE-1588809,fit
42,5,34,NeuroIMAGE-1208586,inner_val
42,5,10,NeuroIMAGE-1017176,inner_val
42,5,30,NeuroIMAGE-3190461,inner_val
42,5,13,NeuroIMAGE-9956994,inner_val
42,5,38,NeuroIMAGE-1411495,inner_val
42,5,3,NeuroIMAGE-3888614,inner_val
42,5,1,NeuroIMAGE-7504392,outer_val
42,5,11,NeuroIMAGE-8409791,outer_val
42,5,29,NeuroIMAGE-3007585,outer_val
42,5,33,NeuroIMAGE-2756846,outer_val
43,5,31,NeuroIMAGE-3980079,fit
43,5,20,NeuroIMAGE-2876903,fit
43,5,28,NeuroIMAGE-3858891,fit
43,5,13,NeuroIMAGE-9956994,fit
43,5,8,NeuroIMAGE-4239636,fit
43,5,5,NeuroIMAGE-7339173,fit
43,5,16,NeuroIMAGE-3108222,fit
43,5,32,NeuroIMAGE-3449233,fit
43,5,9,NeuroIMAGE-1312097,fit
43,5,14,NeuroIMAGE-2671604,fit
43,5,21,NeuroIMAGE-7446626,fit
43,5,18,NeuroIMAGE-1125505,fit
43,5,19,NeuroIMAGE-6115230,fit
43,5,2,NeuroIMAGE-8991934,fit
43,5,15,NeuroIMAGE-3566449,fit
43,5,6,NeuroIMAGE-2419464,fit
43,5,10,NeuroIMAGE-1017176,fit
43,5,7,NeuroIMAGE-4134561,fit
43,5,22,NeuroIMAGE-2074737,fit
43,5,23,NeuroIMAGE-3941358,fit
43,5,11,NeuroIMAGE-8409791,fit
43,5,12,NeuroIMAGE-3808273,fit
43,5,4,NeuroIMAGE-2574674,fit
43,5,29,NeuroIMAGE-3007585,fit
43,5,36,NeuroIMAGE-3304956,fit
43,5,24,NeuroIMAGE-3959823,fit
43,5,26,NeuroIMAGE-8387093,fit
43,5,30,NeuroIMAGE-3190461,fit
43,5,37,NeuroIMAGE-1538046,fit
43,5,35,NeuroIMAGE-2961243,inner_val
43,5,33,NeuroIMAGE-2756846,inner_val
43,5,25,NeuroIMAGE-2352986,inner_val
43,5,34,NeuroIMAGE-1208586,inner_val
43,5,1,NeuroIMAGE-7504392,inner_val
43,5,17,NeuroIMAGE-4020830,inner_val
43,5,0,NeuroIMAGE-1588809,outer_val
43,5,3,NeuroIMAGE-3888614,outer_val
43,5,27,NeuroIMAGE-3322144,outer_val
43,5,38,NeuroIMAGE-1411495,outer_val
44,5,37,NeuroIMAGE-1538046,fit
44,5,19,NeuroIMAGE-6115230,fit
44,5,14,NeuroIMAGE-2671604,fit
44,5,36,NeuroIMAGE-3304956,fit
44,5,20,NeuroIMAGE-2876903,fit
44,5,13,NeuroIMAGE-9956994,fit
44,5,32,NeuroIMAGE-3449233,fit
44,5,23,NeuroIMAGE-3941358,fit
44,5,24,NeuroIMAGE-3959823,fit
44,5,26,NeuroIMAGE-8387093,fit
44,5,34,NeuroIMAGE-1208586,fit
44,5,33,NeuroIMAGE-2756846,fit
44,5,16,NeuroIMAGE-3108222,fit
44,5,21,NeuroIMAGE-7446626,fit
44,5,9,NeuroIMAGE-1312097,fit
44,5,17,NeuroIMAGE-4020830,fit
44,5,30,NeuroIMAGE-3190461,fit
44,5,28,NeuroIMAGE-3858891,fit
44,5,3,NeuroIMAGE-3888614,fit
44,5,8,NeuroIMAGE-4239636,fit
44,5,27,NeuroIMAGE-3322144,fit
44,5,7,NeuroIMAGE-4134561,fit
44,5,10,NeuroIMAGE-1017176,fit
44,5,11,NeuroIMAGE-8409791,fit
44,5,4,NeuroIMAGE-2574674,fit
44,5,15,NeuroIMAGE-3566449,fit
44,5,29,NeuroIMAGE-3007585,fit
44,5,6,NeuroIMAGE-2419464,fit
44,5,38,NeuroIMAGE-1411495,fit
44,5,31,NeuroIMAGE-3980079,inner_val
44,5,22,NeuroIMAGE-2074737,inner_val
44,5,0,NeuroIMAGE-1588809,inner_val
44,5,1,NeuroIMAGE-7504392,inner_val
44,5,25,NeuroIMAGE-2352986,inner_val
44,5,18,NeuroIMAGE-1125505,inner_val
44,5,2,NeuroIMAGE-8991934,outer_val
44,5,5,NeuroIMAGE-7339173,outer_val
44,5,12,NeuroIMAGE-3808273,outer_val
44,5,35,NeuroIMAGE-2961243,outer_val
45,5,4,NeuroIMAGE-2574674,fit
45,5,13,NeuroIMAGE-9956994,fit
45,5,15,NeuroIMAGE-3566449,fit
45,5,32,NeuroIMAGE-3449233,fit
45,5,28,NeuroIMAGE-3858891,fit
45,5,7,NeuroIMAGE-4134561,fit
45,5,34,NeuroIMAGE-1208586,fit
45,5,27,NeuroIMAGE-3322144,fit
45,5,25,NeuroIMAGE-2352986,fit
45,5,11,NeuroIMAGE-8409791,fit
45,5,16,NeuroIMAGE-3108222,fit
45,5,33,NeuroIMAGE-2756846,fit
45,5,37,NeuroIMAGE-1538046,fit
45,5,2,NeuroIMAGE-8991934,fit
45,5,14,NeuroIMAGE-2671604,fit
45,5,35,NeuroIMAGE-2961243,fit
45,5,20,NeuroIMAGE-2876903,fit
45,5,31,NeuroIMAGE-3980079,fit
45,5,12,NeuroIMAGE-3808273,fit
45,5,17,NeuroIMAGE-4020830,fit
45,5,30,NeuroIMAGE-3190461,fit
45,5,36,NeuroIMAGE-3304956,fit
45,5,6,NeuroIMAGE-2419464,fit
45,5,18,NeuroIMAGE-1125505,fit
45,5,38,NeuroIMAGE-1411495,fit
45,5,21,NeuroIMAGE-7446626,fit
45,5,9,NeuroIMAGE-1312097,fit
45,5,29,NeuroIMAGE-3007585,fit
45,5,26,NeuroIMAGE-8387093,fit
45,5,23,NeuroIMAGE-3941358,inner_val
45,5,24,NeuroIMAGE-3959823,inner_val
45,5,3,NeuroIMAGE-3888614,inner_val
45,5,1,NeuroIMAGE-7504392,inner_val
45,5,5,NeuroIMAGE-7339173,inner_val
45,5,0,NeuroIMAGE-1588809,inner_val
45,5,8,NeuroIMAGE-4239636,outer_val
45,5,10,NeuroIMAGE-1017176,outer_val
45,5,19,NeuroIMAGE-6115230,outer_val
45,5,22,NeuroIMAGE-2074737,outer_val
46,5,14,NeuroIMAGE-2671604,fit
46,5,12,NeuroIMAGE-3808273,fit
46,5,21,NeuroIMAGE-7446626,fit
46,5,0,NeuroIMAGE-1588809,fit
46,5,20,NeuroIMAGE-2876903,fit
46,5,30,NeuroIMAGE-3190461,fit
46,5,9,NeuroIMAGE-1312097,fit
46,5,22,NeuroIMAGE-2074737,fit
46,5,6,NeuroIMAGE-2419464,fit
46,5,18,NeuroIMAGE-1125505,fit
46,5,38,NeuroIMAGE-1411495,fit
46,5,2,NeuroIMAGE-8991934,fit
46,5,1,NeuroIMAGE-7504392,fit
46,5,32,NeuroIMAGE-3449233,fit
46,5,4,NeuroIMAGE-2574674,fit
46,5,11,NeuroIMAGE-8409791,fit
46,5,37,NeuroIMAGE-1538046,fit
46,5,36,NeuroIMAGE-3304956,fit
46,5,27,NeuroIMAGE-3322144,fit
46,5,34,NeuroIMAGE-1208586,fit
46,5,28,NeuroIMAGE-3858891,fit
46,5,16,NeuroIMAGE-3108222,fit
46,5,17,NeuroIMAGE-4020830,fit
46,5,19,NeuroIMAGE-6115230,fit
46,5,13,NeuroIMAGE-9956994,fit
46,5,3,NeuroIMAGE-3888614,fit
46,5,26,NeuroIMAGE-8387093,fit
46,5,33,NeuroIMAGE-2756846,fit
46,5,5,NeuroIMAGE-7339173,fit
46,5,35,NeuroIMAGE-2961243,inner_val
46,5,8,NeuroIMAGE-4239636,inner_val
46,5,10,NeuroIMAGE-1017176,inner_val
46,5,24,NeuroIMAGE-3959823,inner_val
46,5,29,NeuroIMAGE-3007585,inner_val
46,5,31,NeuroIMAGE-3980079,inner_val
46,5,7,NeuroIMAGE-4134561,outer_val
46,5,15,NeuroIMAGE-3566449,outer_val
46,5,23,NeuroIMAGE-3941358,outer_val
46,5,25,NeuroIMAGE-2352986,outer_val
47,5,27,NeuroIMAGE-3322144,fit
47,5,35,NeuroIMAGE-2961243,fit
47,5,4,NeuroIMAGE-2574674,fit
47,5,15,NeuroIMAGE-3566449,fit
47,5,23,NeuroIMAGE-3941358,fit
47,5,13,NeuroIMAGE-9956994,fit
47,5,25,NeuroIMAGE-2352986,fit
47,5,1,NeuroIMAGE-7504392,fit
47,5,38,NeuroIMAGE-1411495,fit
47,5,30,NeuroIMAGE-3190461,fit
47,5,37,NeuroIMAGE-1538046,fit
47,5,16,NeuroIMAGE-3108222,fit
47,5,28,NeuroIMAGE-3858891,fit
47,5,17,NeuroIMAGE-4020830,fit
47,5,9,NeuroIMAGE-1312097,fit
47,5,11,NeuroIMAGE-8409791,fit
47,5,5,NeuroIMAGE-7339173,fit
47,5,14,NeuroIMAGE-2671604,fit
47,5,21,NeuroIMAGE-7446626,fit
47,5,22,NeuroIMAGE-2074737,fit
47,5,19,NeuroIMAGE-6115230,fit
47,5,8,NeuroIMAGE-4239636,fit
47,5,3,NeuroIMAGE-3888614,fit
47,5,7,NeuroIMAGE-4134561,fit
47,5,10,NeuroIMAGE-1017176,fit
47,5,6,NeuroIMAGE-2419464,fit
47,5,31,NeuroIMAGE-3980079,fit
47,5,33,NeuroIMAGE-2756846,fit
47,5,2,NeuroIMAGE-8991934,fit
47,5,36,NeuroIMAGE-3304956,inner_val
47,5,32,NeuroIMAGE-3449233,inner_val
47,5,20,NeuroIMAGE-2876903,inner_val
47,5,0,NeuroIMAGE-1588809,inner_val
47,5,12,NeuroIMAGE-3808273,inner_val
47,5,29,NeuroIMAGE-3007585,inner_val
47,5,18,NeuroIMAGE-1125505,outer_val
47,5,24,NeuroIMAGE-3959823,outer_val
47,5,26,NeuroIMAGE-8387093,outer_val
47,5,34,NeuroIMAGE-1208586,outer_val
48,5,0,NeuroIMAGE-1588809,fit
48,5,26,NeuroIMAGE-8387093,fit
48,5,23,NeuroIMAGE-3941358,fit
48,5,32,NeuroIMAGE-3449233,fit
48,5,2,NeuroIMAGE-8991934,fit
48,5,28,NeuroIMAGE-3858891,fit
48,5,27,NeuroIMAGE-3322144,fit
48,5,9,NeuroIMAGE-1312097,fit
48,5,5,NeuroIMAGE-7339173,fit
48,5,34,NeuroIMAGE-1208586,fit
48,5,14,NeuroIMAGE-2671604,fit
48,5,25,NeuroIMAGE-2352986,fit
48,5,1,NeuroIMAGE-7504392,fit
48,5,36,NeuroIMAGE-3304956,fit
48,5,33,NeuroIMAGE-2756846,fit
48,5,19,NeuroIMAGE-6115230,fit
48,5,15,NeuroIMAGE-3566449,fit
48,5,4,NeuroIMAGE-2574674,fit
48,5,29,NeuroIMAGE-3007585,fit
48,5,11,NeuroIMAGE-8409791,fit
48,5,8,NeuroIMAGE-4239636,fit
48,5,10,NeuroIMAGE-1017176,fit
48,5,31,NeuroIMAGE-3980079,fit
48,5,16,NeuroIMAGE-3108222,fit
48,5,12,NeuroIMAGE-3808273,fit
48,5,17,NeuroIMAGE-4020830,fit
48,5,13,NeuroIMAGE-9956994,fit
48,5,22,NeuroIMAGE-2074737,fit
48,5,18,NeuroIMAGE-1125505,fit
48,5,35,NeuroIMAGE-2961243,inner_val
48,5,24,NeuroIMAGE-3959823,inner_val
48,5,20,NeuroIMAGE-2876903,inner_val
48,5,3,NeuroIMAGE-3888614,inner_val
48,5,38,NeuroIMAGE-1411495,inner_val
48,5,7,NeuroIMAGE-4134561,inner_val
48,5,6,NeuroIMAGE-2419464,outer_val
48,5,21,NeuroIMAGE-7446626,outer_val
48,5,30,NeuroIMAGE-3190461,outer_val
48,5,37,NeuroIMAGE-1538046,outer_val
49,5,14,NeuroIMAGE-2671604,fit
49,5,21,NeuroIMAGE-7446626,fit
49,5,7,NeuroIMAGE-4134561,fit
49,5,2,NeuroIMAGE-8991934,fit
49,5,29,NeuroIMAGE-3007585,fit
49,5,13,NeuroIMAGE-9956994,fit
49,5,18,NeuroIMAGE-1125505,fit
49,5,15,NeuroIMAGE-3566449,fit
49,5,26,NeuroIMAGE-8387093,fit
49,5,3,NeuroIMAGE-3888614,fit
49,5,23,NeuroIMAGE-3941358,fit
49,5,30,NeuroIMAGE-3190461,fit
49,5,8,NeuroIMAGE-4239636,fit
49,5,0,NeuroIMAGE-1588809,fit
49,5,20,NeuroIMAGE-2876903,fit
49,5,4,NeuroIMAGE-2574674,fit
49,5,28,NeuroIMAGE-3858891,fit
49,5,11,NeuroIMAGE-8409791,fit
49,5,25,NeuroIMAGE-2352986,fit
49,5,19,NeuroIMAGE-6115230,fit
49,5,33,NeuroIMAGE-2756846,fit
49,5,35,NeuroIMAGE-2961243,fit
49,5,16,NeuroIMAGE-3108222,fit
49,5,6,NeuroIMAGE-2419464,fit
49,5,9,NeuroIMAGE-1312097,fit
49,5,38,NeuroIMAGE-1411495,fit
49,5,12,NeuroIMAGE-3808273,fit
49,5,24,NeuroIMAGE-3959823,fit
49,5,34,NeuroIMAGE-1208586,fit
49,5,1,NeuroIMAGE-7504392,inner_val
49,5,10,NeuroIMAGE-1017176,inner_val
49,5,22,NeuroIMAGE-2074737,inner_val
49,5,37,NeuroIMAGE-1538046,inner_val
49,5,5,NeuroIMAGE-7339173,inner_val
49,5,27,NeuroIMAGE-3322144,inner_val
49,5,17,NeuroIMAGE-4020830,outer_val
49,5,31,NeuroIMAGE-3980079,outer_val
49,5,32,NeuroIMAGE-3449233,outer_val
49,5,36,NeuroIMAGE-3304956,outer_val
50,5,2,NeuroIMAGE-8991934,fit
50,5,29,NeuroIMAGE-3007585,fit
50,5,11,NeuroIMAGE-8409791,fit
50,5,13,NeuroIMAGE-9956994,fit
50,5,15,NeuroIMAGE-3566449,fit
50,5,7,NeuroIMAGE-4134561,fit
50,5,8,NeuroIMAGE-4239636,fit
50,5,30,NeuroIMAGE-3190461,fit
50,5,38,NeuroIMAGE-1411495,fit
50,5,9,NeuroIMAGE-1312097,fit
50,5,24,NeuroIMAGE-3959823,fit
50,5,26,NeuroIMAGE-8387093,fit
50,5,35,NeuroIMAGE-2961243,fit
50,5,4,NeuroIMAGE-2574674,fit
50,5,34,NeuroIMAGE-1208586,fit
50,5,0,NeuroIMAGE-1588809,fit
50,5,31,NeuroIMAGE-3980079,fit
50,5,18,NeuroIMAGE-1125505,fit
50,5,33,NeuroIMAGE-2756846,fit
50,5,23,NeuroIMAGE-3941358,fit
50,5,21,NeuroIMAGE-7446626,fit
50,5,20,NeuroIMAGE-2876903,fit
50,5,1,NeuroIMAGE-7504392,fit
50,5,36,NeuroIMAGE-3304956,fit
50,5,10,NeuroIMAGE-1017176,fit
50,5,12,NeuroIMAGE-3808273,fit
50,5,5,NeuroIMAGE-7339173,fit
50,5,6,NeuroIMAGE-2419464,fit
50,5,19,NeuroIMAGE-6115230,fit
50,5,22,NeuroIMAGE-2074737,fit
50,5,25,NeuroIMAGE-2352986,inner_val
50,5,17,NeuroIMAGE-4020830,inner_val
50,5,27,NeuroIMAGE-3322144,inner_val
50,5,37,NeuroIMAGE-1538046,inner_val
50,5,32,NeuroIMAGE-3449233,inner_val
50,5,3,NeuroIMAGE-3888614,inner_val
50,5,14,NeuroIMAGE-2671604,outer_val
50,5,16,NeuroIMAGE-3108222,outer_val
50,5,28,NeuroIMAGE-3858891,outer_val
