fold,repeat,subject,subject_id,split
1,1,6,OHSU-2790141,fit
1,1,1,OHSU-2054998,fit
1,1,14,OHSU-6592761,fit
1,1,39,OHSU-3677724,fit
1,1,37,OHSU-8720244,fit
1,1,50,OHSU-8064456,fit
1,1,15,OHSU-3358877,fit
1,1,18,OHSU-3052540,fit
1,1,59,OHSU-2232376,fit
1,1,5,OHSU-3048401,fit
1,1,53,OHSU-5302451,fit
1,1,30,OHSU-2288903,fit
1,1,29,OHSU-1418396,fit
1,1,57,OHSU-4219416,fit
1,1,3,OHSU-3051944,fit
1,1,58,OHSU-1421489,fit
1,1,60,OHSU-3302025,fit
1,1,44,OHSU-2124248,fit
1,1,8,OHSU-8218392,fit
1,1,48,OHSU-1411223,fit
1,1,31,OHSU-2947936,fit
1,1,64,OHSU-3652932,fit
1,1,4,OHSU-1696588,fit
1,1,47,OHSU-1664335,fit
1,1,45,OHSU-3812101,fit
1,1,56,OHSU-2415970,fit
1,1,9,OHSU-2845989,fit
1,1,7,OHSU-3899622,fit
1,1,24,OHSU-2426523,fit
1,1,51,OHSU-6953386,fit
1,1,28,OHSU-2054310,fit
1,1,0,OHSU-3466651,fit
1,1,16,OHSU-3212875,fit
1,1,54,OHSU-2561174,fit
1,1,35,OHSU-1084884,fit
1,1,2,OHSU-1481430,fit
1,1,38,OHSU-3869075,fit
1,1,10,OHSU-1340333,fit
1,1,46,OHSU-3244985,fit
1,1,36,OHSU-4529116,fit
1,1,49,OHSU-2232413,fit
1,1,61,OHSU-7333005,fit
1,1,63,OHSU-1552181,fit
1,1,20,OHSU-2959809,fit
1,1,32,OHSU-2427434,fit
1,1,19,OHSU-1206380,fit
1,1,13,OHSU-1743472,fit
1,1,23,OHSU-1679142,fit
1,1,21,OHSU-2455205,fit
1,1,40,OHSU-2155356,fit
1,1,42,OHSU-2559559,inner_val
1,1,26,OHSU-1548937,inner_val
1,1,43,OHSU-3286474,inner_val
1,1,25,OHSU-3684229,inner_val
1,1,62,OHSU-1108916,inner_val
1,1,11,OHSU-3162671,inner_val
1,1,52,OHSU-1647968,inner_val
1,1,17,OHSU-2409220,inner_val
1,1,65,OHSU-4103874,inner_val
1,1,12,OHSU-4072305,outer_val
1,1,22,OHSU-1386056,outer_val
1,1,27,OHSU-4016887,outer_val
1,1,33,OHSU-1536593,outer_val
1,1,34,OHSU-2578455,outer_val
1,1,41,OHSU-9499804,outer_val
1,1,55,OHSU-1502229,outer_val
2,1,16,OHSU-3212875,fit
2,1,55,OHSU-1502229,fit
2,1,54,OHSU-2561174,fit
2,1,65,OHSU-4103874,fit
2,1,60,OHSU-3302025,fit
2,1,35,OHSU-1084884,fit
2,1,47,OHSU-1664335,fit
2,1,13,OHSU-1743472,fit
2,1,12,OHSU-4072305,fit
2,1,39,OHSU-3677724,fit
2,1,11,OHSU-3162671,fit
2,1,41,OHSU-9499804,fit
2,1,36,OHSU-4529116,fit
2,1,19,OHSU-1206380,fit
2,1,38,OHSU-3869075,fit
2,1,23,OHSU-1679142,fit
2,1,57,OHSU-4219416,fit
2,1,14,OHSU-6592761,fit
2,1,26,OHSU-1548937,fit
2,1,62,OHSU-1108916,fit
2,1,61,OHSU-7333005,fit
2,1,20,OHSU-2959809,fit
2,1,64,OHSU-3652932,fit
2,1,7,OHSU-3899622,fit
2,1,58,OHSU-1421489,fit
2,1,45,OHSU-3812101,fit
2,1,27,OHSU-4016887,fit
2,1,31,OHSU-2947936,fit
2,1,46,OHSU-3244985,fit
2,1,32,OHSU-2427434,fit
2,1,25,OHSU-3684229,fit
2,1,6,OHSU-2790141,fit
2,1,18,OHSU-3052540,fit
2,1,15,OHSU-3358877,fit
2,1,22,OHSU-1386056,fit
2,1,50,OHSU-8064456,fit
2,1,4,OHSU-1696588,fit
2,1,33,OHSU-1536593,fit
2,1,0,OHSU-3466651,fit
2,1,63,OHSU-1552181,fit
2,1,3,OHSU-3051944,fit
2,1,17,OHSU-2409220,fit
2,1,44,OHSU-2124248,fit
2,1,29,OHSU-1418396,fit
2,1,2,OHSU-1481430,fit
2,1,10,OHSU-1340333,fit
2,1,43,OHSU-3286474,fit
2,1,51,OHSU-6953386,fit
2,1,53,OHSU-5302451,fit
2,1,37,OHSU-8720244,fit
2,1,48,OHSU-1411223,inner_val
2,1,56,OHSU-2415970,inner_val
2,1,21,OHSU-2455205,inner_val
2,1,9,OHSU-2845989,inner_val
2,1,40,OHSU-2155356,inner_val
2,1,34,OHSU-2578455,inner_val
2,1,59,OHSU-2232376,inner_val
2,1,1,OHSU-2054998,inner_val
2,1,5,OHSU-3048401,inner_val
2,1,8,OHSU-8218392,outer_val
2,1,24,OHSU-2426523,outer_val
2,1,28,OHSU-2054310,outer_val
2,1,30,OHSU-2288903,outer_val
2,1,42,OHSU-2559559,outer_val
2,1,49,OHSU-2232413,outer_val
2,1,52,OHSU-1647968,outer_val
3,1,50,OHSU-8064456,fit
3,1,24,OHSU-2426523,fit
3,1,15,OHSU-3358877,fit
3,1,55,OHSU-1502229,fit
3,1,59,OHSU-2232376,fit
3,1,49,OHSU-2232413,fit
3,1,23,OHSU-1679142,fit
3,1,0,OHSU-3466651,fit
3,1,17,OHSU-2409220,fit
3,1,39,OHSU-3677724,fit
3,1,54,OHSU-2561174,fit
3,1,53,OHSU-5302451,fit
3,1,33,OHSU-1536593,fit
3,1,58,OHSU-1421489,fit
3,1,47,OHSU-1664335,fit
3,1,62,OHSU-1108916,fit
3,1,41,OHSU-9499804,fit
3,1,22,OHSU-1386056,fit
3,1,19,OHSU-1206380,fit
3,1,18,OHSU-3052540,fit
3,1,52,OHSU-1647968,fit
3,1,14,OHSU-6592761,fit
3,1,51,OHSU-6953386,fit
3,1,57,OHSU-4219416,fit
3,1,3,OHSU-3051944,fit
3,1,44,OHSU-2124248,fit
3,1,37,OHSU-8720244,fit
3,1,36,OHSU-4529116,fit
3,1,20,OHSU-2959809,fit
3,1,35,OHSU-1084884,fit
3,1,7,OHSU-3899622,fit
3,1,43,OHSU-3286474,fit
3,1,38,OHSU-3869075,fit
3,1,31,OHSU-2947936,fit
3,1,63,OHSU-1552181,fit
3,1,45,OHSU-3812101,fit
3,1,13,OHSU-1743472,fit
3,1,12,OHSU-4072305,fit
3,1,34,OHSU-2578455,fit
3,1,42,OHSU-2559559,fit
3,1,25,OHSU-3684229,fit
3,1,32,OHSU-2427434,fit
3,1,8,OHSU-8218392,fit
3,1,6,OHSU-2790141,fit
3,1,26,OHSU-1548937,fit
3,1,2,OHSU-1481430,fit
3,1,28,OHSU-2054310,fit
3,1,16,OHSU-3212875,fit
3,1,30,OHSU-2288903,fit
3,1,10,OHSU-1340333,fit
3,1,60,OHSU-3302025,inner_val
3,1,65,OHSU-4103874,inner_val
3,1,48,OHSU-1411223,inner_val
3,1,61,OHSU-7333005,inner_val
3,1,40,OHSU-2155356,inner_val
3,1,1,OHSU-2054998,inner_val
3,1,27,OHSU-4016887,inner_val
3,1,21,OHSU-2455205,inner_val
3,1,4,OHSU-1696588,inner_val
3,1,5,OHSU-3048401,outer_val
3,1,9,OHSU-2845989,outer_val
3,1,11,OHSU-3162671,outer_val
3,1,29,OHSU-1418396,outer_val
3,1,46,OHSU-3244985,outer_val
3,1,56,OHSU-2415970,outer_val
3,1,64,OHSU-3652932,outer_val
4,1,52,OHSU-1647968,fit
4,1,12,OHSU-4072305,fit
4,1,31,OHSU-2947936,fit
4,1,56,OHSU-2415970,fit
4,1,2,OHSU-1481430,fit
4,1,17,OHSU-2409220,fit
4,1,42,OHSU-2559559,fit
4,1,39,OHSU-3677724,fit
4,1,44,OHSU-2124248,fit
4,1,6,OHSU-2790141,fit
4,1,49,OHSU-2232413,fit
4,1,37,OHSU-8720244,fit
4,1,24,OHSU-2426523,fit
4,1,5,OHSU-3048401,fit
4,1,18,OHSU-3052540,fit
4,1,10,OHSU-1340333,fit
4,1,41,OHSU-9499804,fit
4,1,8,OHSU-8218392,fit
4,1,63,OHSU-1552181,fit
4,1,23,OHSU-1679142,fit
4,1,15,OHSU-3358877,fit
4,1,11,OHSU-3162671,fit
4,1,62,OHSU-1108916,fit
4,1,47,OHSU-1664335,fit
4,1,51,OHSU-6953386,fit
4,1,46,OHSU-3244985,fit
4,1,43,OHSU-3286474,fit
4,1,13,OHSU-1743472,fit
4,1,35,OHSU-1084884,fit
4,1,14,OHSU-6592761,fit
4,1,53,OHSU-5302451,fit
4,1,29,OHSU-1418396,fit
4,1,36,OHSU-4529116,fit
4,1,34,OHSU-2578455,fit
4,1,59,OHSU-2232376,fit
4,1,60,OHSU-3302025,fit
4,1,7,OHSU-3899622,fit
4,1,32,OHSU-2427434,fit
4,1,9,OHSU-2845989,fit
4,1,22,OHSU-1386056,fit
4,1,16,OHSU-3212875,fit
4,1,45,OHSU-3812101,fit
4,1,38,OHSU-3869075,fit
4,1,64,OHSU-3652932,fit
4,1,3,OHSU-3051944,fit
4,1,54,OHSU-2561174,fit
4,1,48,OHSU-1411223,fit
4,1,65,OHSU-4103874,fit
4,1,21,OHSU-2455205,fit
4,1,27,OHSU-4016887,fit
4,1,1,OHSU-2054998,inner_val
4,1,33,OHSU-1536593,inner_val
4,1,30,OHSU-2288903,inner_val
4,1,25,OHSU-3684229,inner_val
4,1,4,OHSU-1696588,inner_val
4,1,55,OHSU-1502229,inner_val
4,1,50,OHSU-8064456,inner_val
4,1,20,OHSU-2959809,inner_val
4,1,28,OHSU-2054310,inner_val
4,1,0,OHSU-3466651,outer_val
4,1,19,OHSU-1206380,outer_val
4,1,26,OHSU-1548937,outer_val
4,1,40,OHSU-2155356,outer_val
4,1,57,OHSU-4219416,outer_val
4,1,58,OHSU-1421489,outer_val
4,1,61,OHSU-7333005,outer_val
5,1,31,OHSU-2947936,fit
5,1,52,OHSU-1647968,fit
5,1,18,OHSU-3052540,fit
5,1,25,OHSU-3684229,fit
5,1,19,OHSU-1206380,fit
5,1,9,OHSU-2845989,fit
5,1,26,OHSU-1548937,fit
5,1,39,OHSU-3677724,fit
5,1,38,OHSU-3869075,fit
5,1,63,OHSU-1552181,fit
5,1,61,OHSU-7333005,fit
5,1,40,OHSU-2155356,fit
5,1,53,OHSU-5302451,fit
5,1,33,OHSU-1536593,fit
5,1,28,OHSU-2054310,fit
5,1,59,OHSU-2232376,fit
5,1,3,OHSU-3051944,fit
5,1,46,OHSU-3244985,fit
5,1,41,OHSU-9499804,fit
5,1,64,OHSU-3652932,fit
5,1,29,OHSU-1418396,fit
5,1,2,OHSU-1481430,fit
5,1,27,OHSU-4016887,fit
5,1,1,OHSU-2054998,fit
5,1,30,OHSU-2288903,fit
5,1,32,OHSU-2427434,fit
5,1,11,OHSU-3162671,fit
5,1,6,OHSU-2790141,fit
5,1,34,OHSU-2578455,fit
5,1,10,OHSU-1340333,fit
5,1,56,OHSU-2415970,fit
5,1,37,OHSU-8720244,fit
5,1,16,OHSU-3212875,fit
5,1,51,OHSU-6953386,fit
5,1,47,OHSU-1664335,fit
5,1,5,OHSU-3048401,fit
5,1,4,OHSU-1696588,fit
5,1,20,OHSU-2959809,fit
5,1,65,OHSU-4103874,fit
5,1,55,OHSU-1502229,fit
5,1,60,OHSU-3302025,fit
5,1,24,OHSU-2426523,fit
5,1,42,OHSU-2559559,fit
5,1,54,OHSU-2561174,fit
5,1,8,OHSU-8218392,fit
5,1,58,OHSU-1421489,fit
5,1,12,OHSU-4072305,fit
5,1,22,OHSU-1386056,fit
5,1,49,OHSU-2232413,fit
5,1,45,OHSU-3812101,fit
5,1,57,OHSU-4219416,inner_val
5,1,36,OHSU-4529116,inner_val
5,1,48,OHSU-1411223,inner_val
5,1,7,OHSU-3899622,inner_val
5,1,23,OHSU-1679142,inner_val
5,1,35,OHSU-1084884,inner_val
5,1,0,OHSU-3466651,inner_val
5,1,43,OHSU-3286474,inner_val
5,1,15,OHSU-3358877,inner_val
5,1,13,OHSU-1743472,outer_val
5,1,14,OHSU-6592761,outer_val
5,1,17,OHSU-2409220,outer_val
5,1,21,OHSU-2455205,outer_val
5,1,44,OHSU-2124248,outer_val
5,1,50,OHSU-8064456,outer_val
5,1,62,OHSU-1108916,outer_val
6,1,30,OHSU-2288903,fit
6,1,26,OHSU-1548937,fit
6,1,40,OHSU-2155356,fit
6,1,8,OHSU-8218392,fit
6,1,5,OHSU-3048401,fit
6,1,36,OHSU-4529116,fit
6,1,2,OHSU-1481430,fit
6,1,33,OHSU-1536593,fit
6,1,3,OHSU-3051944,fit
6,1,29,OHSU-1418396,fit
6,1,12,OHSU-4072305,fit
6,1,53,OHSU-5302451,fit
6,1,54,OHSU-2561174,fit
6,1,59,OHSU-2232376,fit
6,1,23,OHSU-1679142,fit
6,1,55,OHSU-1502229,fit
6,1,28,OHSU-2054310,fit
6,1,39,OHSU-3677724,fit
6,1,32,OHSU-2427434,fit
6,1,11,OHSU-3162671,fit
6,1,60,OHSU-3302025,fit
6,1,19,OHSU-1206380,fit
6,1,46,OHSU-3244985,fit
6,1,41,OHSU-9499804,fit
6,1,31,OHSU-2947936,fit
6,1,21,OHSU-2455205,fit
6,1,48,OHSU-1411223,fit
6,1,6,OHSU-2790141,fit
6,1,24,OHSU-2426523,fit
6,1,35,OHSU-1084884,fit
6,1,13,OHSU-1743472,fit
6,1,9,OHSU-2845989,fit
6,1,10,OHSU-1340333,fit
6,1,49,OHSU-2232413,fit
6,1,63,OHSU-1552181,fit
6,1,45,OHSU-3812101,fit
6,1,52,OHSU-1647968,fit
6,1,22,OHSU-1386056,fit
6,1,64,OHSU-3652932,fit
6,1,61,OHSU-7333005,fit
6,1,56,OHSU-2415970,fit
6,1,51,OHSU-6953386,fit
6,1,0,OHSU-3466651,fit
6,1,44,OHSU-2124248,fit
6,1,34,OHSU-2578455,fit
6,1,57,OHSU-4219416,fit
6,1,42,OHSU-2559559,fit
6,1,50,OHSU-8064456,fit
6,1,14,OHSU-6592761,fit
6,1,38,OHSU-3869075,fit
6,1,17,OHSU-2409220,inner_val
6,1,20,OHSU-2959809,inner_val
6,1,16,OHSU-3212875,inner_val
6,1,43,OHSU-3286474,inner_val
6,1,27,OHSU-4016887,inner_val
6,1,62,OHSU-1108916,inner_val
6,1,58,OHSU-1421489,inner_val
6,1,18,OHSU-3052540,inner_val
6,1,65,OHSU-4103874,inner_val
6,1,1,OHSU-2054998,outer_val
6,1,4,OHSU-1696588,outer_val
6,1,7,OHSU-3899622,outer_val
6,1,15,OHSU-3358877,outer_val
6,1,25,OHSU-3684229,outer_val
6,1,37,OHSU-8720244,outer_val
6,1,47,OHSU-1664335,outer_val
7,1,10,OHSU-1340333,fit
7,1,48,OHSU-1411223,fit
7,1,45,OHSU-3812101,fit
7,1,58,OHSU-1421489,fit
7,1,40,OHSU-2155356,fit
7,1,62,OHSU-1108916,fit
7,1,27,OHSU-4016887,fit
7,1,41,OHSU-9499804,fit
7,1,18,OHSU-3052540,fit
7,1,23,OHSU-1679142,fit
7,1,59,OHSU-2232376,fit
7,1,36,OHSU-4529116,fit
7,1,53,OHSU-5302451,fit
7,1,22,OHSU-1386056,fit
7,1,44,OHSU-2124248,fit
7,1,57,OHSU-4219416,fit
7,1,12,OHSU-4072305,fit
7,1,49,OHSU-2232413,fit
7,1,64,OHSU-3652932,fit
7,1,25,OHSU-3684229,fit
7,1,4,OHSU-1696588,fit
7,1,34,OHSU-2578455,fit
7,1,3,OHSU-3051944,fit
7,1,46,OHSU-3244985,fit
7,1,6,OHSU-2790141,fit
7,1,0,OHSU-3466651,fit
7,1,61,OHSU-7333005,fit
7,1,26,OHSU-1548937,fit
7,1,9,OHSU-2845989,fit
7,1,21,OHSU-2455205,fit
7,1,43,OHSU-3286474,fit
7,1,14,OHSU-6592761,fit
7,1,35,OHSU-1084884,fit
7,1,20,OHSU-2959809,fit
7,1,28,OHSU-2054310,fit
7,1,24,OHSU-2426523,fit
7,1,17,OHSU-2409220,fit
7,1,50,OHSU-8064456,fit
7,1,16,OHSU-3212875,fit
7,1,56,OHSU-2415970,fit
7,1,30,OHSU-2288903,fit
7,1,55,OHSU-1502229,fit
7,1,32,OHSU-2427434,fit
7,1,8,OHSU-8218392,fit
7,1,52,OHSU-1647968,fit
7,1,11,OHSU-3162671,fit
7,1,7,OHSU-3899622,fit
7,1,33,OHSU-1536593,fit
7,1,42,OHSU-2559559,fit
7,1,2,OHSU-1481430,fit
7,1,19,OHSU-1206380,fit
7,1,31,OHSU-2947936,inner_val
7,1,5,OHSU-3048401,inner_val
7,1,47,OHSU-1664335,inner_val
7,1,1,OHSU-2054998,inner_val
7,1,15,OHSU-3358877,inner_val
7,1,29,OHSU-1418396,inner_val
7,1,37,OHSU-8720244,inner_val
7,1,39,OHSU-3677724,inner_val
7,1,13,OHSU-1743472,inner_val
7,1,38,OHSU-3869075,outer_val
7,1,51,OHSU-6953386,outer_val
7,1,54,OHSU-2561174,outer_val
7,1,60,OHSU-3302025,outer_val
7,1,63,OHSU-1552181,outer_val
7,1,65,OHSU-4103874,outer_val
8,1,4,OHSU-1696588,fit
8,1,21,OHSU-2455205,fit
8,1,31,OHSU-2947936,fit
8,1,0,OHSU-3466651,fit
8,1,61,OHSU-7333005,fit
8,1,51,OHSU-6953386,fit
8,1,8,OHSU-8218392,fit
8,1,38,OHSU-3869075,fit
8,1,52,OHSU-1647968,fit
8,1,28,OHSU-2054310,fit
8,1,13,OHSU-1743472,fit
8,1,49,OHSU-2232413,fit
8,1,5,OHSU-3048401,fit
8,1,32,OHSU-2427434,fit
8,1,40,OHSU-2155356,fit
8,1,12,OHSU-4072305,fit
8,1,47,OHSU-1664335,fit
8,1,57,OHSU-4219416,fit
8,1,2,OHSU-1481430,fit
8,1,26,OHSU-1548937,fit
8,1,3,OHSU-3051944,fit
8,1,36,OHSU-4529116,fit
8,1,44,OHSU-2124248,fit
8,1,46,OHSU-3244985,fit
8,1,17,OHSU-2409220,fit
8,1,14,OHSU-6592761,fit
8,1,25,OHSU-3684229,fit
8,1,11,OHSU-3162671,fit
8,1,6,OHSU-2790141,fit
8,1,1,OHSU-2054998,fit
8,1,53,OHSU-5302451,fit
8,1,27,OHSU-4016887,fit
8,1,58,OHSU-1421489,fit
8,1,23,OHSU-1679142,fit
8,1,54,OHSU-2561174,fit
8,1,20,OHSU-2959809,fit
8,1,19,OHSU-1206380,fit
8,1,48,OHSU-1411223,fit
8,1,41,OHSU-9499804,fit
8,1,16,OHSU-3212875,fit
8,1,65,OHSU-4103874,fit
8,1,34,OHSU-2578455,fit
8,1,33,OHSU-1536593,fit
8,1,30,OHSU-2288903,fit
8,1,9,OHSU-2845989,fit
8,1,24,OHSU-2426523,fit
8,1,63,OHSU-1552181,fit
8,1,43,OHSU-3286474,fit
8,1,29,OHSU-1418396,fit
8,1,62,OHSU-1108916,fit
8,1,42,OHSU-2559559,fit
8,1,22,OHSU-1386056,inner_val
8,1,56,OHSU-2415970,inner_val
8,1,7,OHSU-3899622,inner_val
8,1,64,OHSU-3652932,inner_val
8,1,37,OHSU-8720244,inner_val
8,1,60,OHSU-3302025,inner_val
8,1,55,OHSU-1502229,inner_val
8,1,15,OHSU-3358877,inner_val
8,1,50,OHSU-8064456,inner_val
8,1,10,OHSU-1340333,outer_val
8,1,18,OHSU-3052540,outer_val
8,1,35,OHSU-1084884,outer_val
8,1,39,OHSU-3677724,outer_val
8,1,45,OHSU-3812101,outer_val
8,1,59,OHSU-2232376,outer_val
9,1,58,OHSU-1421489,fit
9,1,19,OHSU-1206380,fit
9,1,14,OHSU-6592761,fit
9,1,54,OHSU-2561174,fit
9,1,8,OHSU-8218392,fit
9,1,5,OHSU-3048401,fit
9,1,12,OHSU-4072305,fit
9,1,64,OHSU-3652932,fit
9,1,36,OHSU-4529116,fit
9,1,25,OHSU-3684229,fit
9,1,59,OHSU-2232376,fit
9,1,15,OHSU-3358877,fit
9,1,20,OHSU-2959809,fit
9,1,17,OHSU-2409220,fit
9,1,50,OHSU-8064456,fit
9,1,62,OHSU-1108916,fit
9,1,13,OHSU-1743472,fit
9,1,55,OHSU-1502229,fit
9,1,40,OHSU-2155356,fit
9,1,45,OHSU-3812101,fit
9,1,31,OHSU-2947936,fit
9,1,18,OHSU-3052540,fit
9,1,41,OHSU-9499804,fit
9,1,51,OHSU-6953386,fit
9,1,46,OHSU-3244985,fit
9,1,35,OHSU-1084884,fit
9,1,28,OHSU-2054310,fit
9,1,63,OHSU-1552181,fit
9,1,56,OHSU-2415970,fit
9,1,22,OHSU-1386056,fit
9,1,4,OHSU-1696588,fit
9,1,44,OHSU-2124248,fit
9,1,65,OHSU-4103874,fit
9,1,34,OHSU-2578455,fit
9,1,33,OHSU-1536593,fit
9,1,49,OHSU-2232413,fit
9,1,11,OHSU-3162671,fit
9,1,47,OHSU-1664335,fit
9,1,37,OHSU-8720244,fit
9,1,43,OHSU-3286474,fit
9,1,52,OHSU-1647968,fit
9,1,21,OHSU-2455205,fit
9,1,9,OHSU-2845989,fit
9,1,1,OHSU-2054998,fit
9,1,38,OHSU-3869075,fit
9,1,42,OHSU-2559559,fit
9,1,27,OHSU-4016887,fit
9,1,57,OHSU-4219416,fit
9,1,61,OHSU-7333005,fit
9,1,26,OHSU-1548937,fit
9,1,39,OHSU-3677724,fit
9,1,60,OHSU-3302025,inner_val
9,1,2,OHSU-1481430,inner_val
9,1,53,OHSU-5302451,inner_val
9,1,29,OHSU-1418396,inner_val
9,1,0,OHSU-3466651,inner_val
9,1,10,OHSU-1340333,inner_val
9,1,7,OHSU-3899622,inner_val
9,1,30,OHSU-2288903,inner_val
9,1,24,OHSU-2426523,inner_val
9,1,3,OHSU-3051944,outer_val
9,1,6,OHSU-2790141,outer_val
9,1,16,OHSU-3212875,outer_val
9,1,23,OHSU-1679142,outer_val
9,1,32,OHSU-2427434,outer_val
9,1,48,OHSU-1411223,outer_val
10,1,30,OHSU-2288903,fit
10,1,29,OHSU-1418396,fit
10,1,7,OHSU-3899622,fit
10,1,40,OHSU-2155356,fit
10,1,50,OHSU-8064456,fit
10,1,19,OHSU-1206380,fit
10,1,37,OHSU-8720244,fit
10,1,28,OHSU-2054310,fit
10,1,41,OHSU-9499804,fit
10,1,56,OHSU-2415970,fit
10,1,5,OHSU-3048401,fit
10,1,57,OHSU-4219416,fit
10,1,16,OHSU-3212875,fit
10,1,46,OHSU-3244985,fit
10,1,42,OHSU-2559559,fit
10,1,45,OHSU-3812101,fit
10,1,65,OHSU-4103874,fit
10,1,4,OHSU-1696588,fit
10,1,22,OHSU-1386056,fit
10,1,38,OHSU-3869075,fit
10,1,63,OHSU-1552181,fit
10,1,47,OHSU-1664335,fit
10,1,61,OHSU-7333005,fit
10,1,26,OHSU-1548937,fit
10,1,6,OHSU-2790141,fit
10,1,49,OHSU-2232413,fit
10,1,24,OHSU-2426523,fit
10,1,12,OHSU-4072305,fit
10,1,51,OHSU-6953386,fit
10,1,58,OHSU-1421489,fit
10,1,21,OHSU-2455205,fit
10,1,52,OHSU-1647968,fit
10,1,14,OHSU-6592761,fit
10,1,1,OHSU-2054998,fit
10,1,23,OHSU-1679142,fit
10,1,15,OHSU-3358877,fit
10,1,27,OHSU-4016887,fit
10,1,13,OHSU-1743472,fit
10,1,0,OHSU-3466651,fit
10,1,35,OHSU-1084884,fit
10,1,64,OHSU-3652932,fit
10,1,3,OHSU-3051944,fit
10,1,59,OHSU-2232376,fit
10,1,48,OHSU-1411223,fit
10,1,11,OHSU-3162671,fit
10,1,25,OHSU-3684229,fit
10,1,54,OHSU-2561174,fit
10,1,55,OHSU-1502229,fit
10,1,39,OHSU-3677724,fit
10,1,32,OHSU-2427434,fit
10,1,33,OHSU-1536593,fit
10,1,44,OHSU-2124248,inner_val
10,1,60,OHSU-3302025,inner_val
10,1,17,OHSU-2409220,inner_val
10,1,10,OHSU-1340333,inner_val
10,1,18,OHSU-3052540,inner_val
10,1,8,OHSU-8218392,inner_val
10,1,62,OHSU-1108916,inner_val
10,1,9,OHSU-2845989,inner_val
10,1,34,OHSU-2578455,inner_val
10,1,2,OHSU-1481430,outer_val
10,1,20,OHSU-2959809,outer_val
10,1,31,OHSU-2947936,outer_val
10,1,36,OHSU-4529116,outer_val
10,1,43,OHSU-3286474,outer_val
10,1,53,OHSU-5302451,outer_val
11,2,37,OHSU-8720244,fit
11,2,2,OHSU-1481430,fit
11,2,25,OHSU-3684229,fit
11,2,40,OHSU-2155356,fit
11,2,26,OHSU-1548937,fit
11,2,38,OHSU-3869075,fit
11,2,10,OHSU-1340333,fit
11,2,39,OHSU-3677724,fit
11,2,49,OHSU-2232413,fit
11,2,27,OHSU-4016887,fit
11,2,56,OHSU-2415970,fit
11,2,59,OHSU-2232376,fit
11,2,16,OHSU-3212875,fit
11,2,54,OHSU-2561174,fit
11,2,14,OHSU-6592761,fit
11,2,7,OHSU-3899622,fit
11,2,8,OHSU-8218392,fit
11,2,21,OHSU-2455205,fit
11,2,55,OHSU-1502229,fit
11,2,20,OHSU-2959809,fit
11,2,35,OHSU-1084884,fit
11,2,57,OHSU-4219416,fit
11,2,42,OHSU-2559559,fit
11,2,36,OHSU-4529116,fit
11,2,43,OHSU-3286474,fit
11,2,23,OHSU-1679142,fit
11,2,28,OHSU-2054310,fit
11,2,47,OHSU-1664335,fit
11,2,4,OHSU-1696588,fit
11,2,64,OHSU-3652932,fit
11,2,46,OHSU-3244985,fit
11,2,48,OHSU-1411223,fit
11,2,33,OHSU-1536593,fit
11,2,30,OHSU-2288903,fit
11,2,19,OHSU-1206380,fit
11,2,29,OHSU-1418396,fit
11,2,11,OHSU-3162671,fit
11,2,53,OHSU-5302451,fit
11,2,15,OHSU-3358877,fit
11,2,13,OHSU-1743472,fit
11,2,34,OHSU-2578455,fit
11,2,65,OHSU-4103874,fit
11,2,62,OHSU-1108916,fit
11,2,5,OHSU-3048401,fit
11,2,31,OHSU-2947936,fit
11,2,17,OHSU-2409220,fit
11,2,63,OHSU-1552181,fit
11,2,58,OHSU-1421489,fit
11,2,3,OHSU-3051944,fit
11,2,45,OHSU-3812101,fit
11,2,6,OHSU-2790141,inner_val
11,2,0,OHSU-3466651,inner_val
11,2,18,OHSU-3052540,inner_val
11,2,44,OHSU-2124248,inner_val
11,2,41,OHSU-9499804,inner_val
11,2,52,OHSU-1647968,inner_val
11,2,51,OHSU-6953386,inner_val
11,2,22,OHSU-1386056,inner_val
11,2,24,OHSU-2426523,inner_val
11,2,1,OHSU-2054998,outer_val
11,2,9,OHSU-2845989,outer_val
11,2,12,OHSU-4072305,outer_val
11,2,32,OHSU-2427434,outer_val
11,2,50,OHSU-8064456,outer_val
11,2,60,OHSU-3302025,outer_val
11,2,61,OHSU-7333005,outer_val
12,2,46,OHSU-3244985,fit
12,2,19,OHSU-1206380,fit
12,2,21,OHSU-2455205,fit
12,2,62,OHSU-1108916,fit
12,2,60,OHSU-3302025,fit
12,2,24,OHSU-2426523,fit
12,2,57,OHSU-4219416,fit
12,2,17,OHSU-2409220,fit
12,2,2,OHSU-1481430,fit
12,2,4,OHSU-1696588,fit
12,2,36,OHSU-4529116,fit
12,2,28,OHSU-2054310,fit
12,2,6,OHSU-2790141,fit
12,2,40,OHSU-2155356,fit
12,2,43,OHSU-3286474,fit
12,2,13,OHSU-1743472,fit
12,2,31,OHSU-2947936,fit
12,2,3,OHSU-3051944,fit
12,2,49,OHSU-2232413,fit
12,2,11,OHSU-3162671,fit
12,2,48,OHSU-1411223,fit
12,2,33,OHSU-1536593,fit
12,2,39,OHSU-3677724,fit
12,2,63,OHSU-1552181,fit
12,2,52,OHSU-1647968,fit
12,2,25,OHSU-3684229,fit
12,2,53,OHSU-5302451,fit
12,2,1,OHSU-2054998,fit
12,2,35,OHSU-1084884,fit
12,2,32,OHSU-2427434,fit
12,2,16,OHSU-3212875,fit
12,2,9,OHSU-2845989,fit
12,2,5,OHSU-3048401,fit
12,2,56,OHSU-2415970,fit
12,2,34,OHSU-2578455,fit
12,2,23,OHSU-1679142,fit
12,2,26,OHSU-1548937,fit
12,2,42,OHSU-2559559,fit
12,2,27,OHSU-4016887,fit
12,2,44,OHSU-2124248,fit
12,2,51,OHSU-6953386,fit
12,2,12,OHSU-4072305,fit
12,2,22,OHSU-1386056,fit
12,2,58,OHSU-1421489,fit
12,2,8,OHSU-8218392,fit
12,2,30,OHSU-2288903,fit
12,2,18,OHSU-3052540,fit
12,2,20,OHSU-2959809,fit
12,2,29,OHSU-1418396,fit
12,2,65,OHSU-4103874,fit
12,2,50,OHSU-8064456,inner_val
12,2,0,OHSU-3466651,inner_val
12,2,61,OHSU-7333005,inner_val
12,2,55,OHSU-1502229,inner_val
12,2,7,OHSU-3899622,inner_val
12,2,47,OHSU-1664335,inner_val
12,2,64,OHSU-3652932,inner_val
12,2,15,OHSU-3358877,inner_val
12,2,38,OHSU-3869075,inner_val
12,2,10,OHSU-1340333,outer_val
12,2,14,OHSU-6592761,outer_val
12,2,37,OHSU-8720244,outer_val
12,2,41,OHSU-9499804,outer_val
12,2,45,OHSU-3812101,outer_val
12,2,54,OHSU-2561174,outer_val
12,2,59,OHSU-2232376,outer_val
13,2,12,OHSU-4072305,fit
13,2,59,OHSU-2232376,fit
13,2,61,OHSU-7333005,fit
13,2,49,OHSU-2232413,fit
13,2,56,OHSU-2415970,fit
13,2,27,OHSU-4016887,fit
13,2,8,OHSU-8218392,fit
13,2,11,OHSU-3162671,fit
13,2,53,OHSU-5302451,fit
13,2,41,OHSU-9499804,fit
13,2,0,OHSU-3466651,fit
13,2,65,OHSU-4103874,fit
13,2,17,OHSU-2409220,fit
13,2,24,OHSU-2426523,fit
13,2,16,OHSU-3212875,fit
13,2,64,OHSU-3652932,fit
13,2,42,OHSU-2559559,fit
13,2,58,OHSU-1421489,fit
13,2,51,OHSU-6953386,fit
13,2,14,OHSU-6592761,fit
13,2,9,OHSU-2845989,fit
13,2,62,OHSU-1108916,fit
13,2,22,OHSU-1386056,fit
13,2,35,OHSU-1084884,fit
13,2,6,OHSU-2790141,fit
13,2,39,OHSU-3677724,fit
13,2,50,OHSU-8064456,fit
13,2,48,OHSU-1411223,fit
13,2,19,OHSU-1206380,fit
13,2,38,OHSU-3869075,fit
13,2,36,OHSU-4529116,fit
13,2,33,OHSU-1536593,fit
13,2,20,OHSU-2959809,fit
13,2,28,OHSU-2054310,fit
13,2,29,OHSU-1418396,fit
13,2,30,OHSU-2288903,fit
13,2,60,OHSU-3302025,fit
13,2,4,OHSU-1696588,fit
13,2,23,OHSU-1679142,fit
13,2,46,OHSU-3244985,fit
13,2,52,OHSU-1647968,fit
13,2,55,OHSU-1502229,fit
13,2,47,OHSU-1664335,fit
13,2,37,OHSU-8720244,fit
13,2,10,OHSU-1340333,fit
13,2,18,OHSU-3052540,fit
13,2,5,OHSU-3048401,fit
13,2,1,OHSU-2054998,fit
13,2,32,OHSU-2427434,fit
13,2,31,OHSU-2947936,fit
13,2,45,OHSU-3812101,inner_val
13,2,54,OHSU-2561174,inner_val
13,2,3,OHSU-3051944,inner_val
13,2,26,OHSU-1548937,inner_val
13,2,25,OHSU-3684229,inner_val
13,2,2,OHSU-1481430,inner_val
13,2,13,OHSU-1743472,inner_val
13,2,7,OHSU-3899622,inner_val
13,2,63,OHSU-1552181,inner_val
13,2,15,OHSU-3358877,outer_val
13,2,21,OHSU-2455205,outer_val
13,2,34,OHSU-2578455,outer_val
13,2,40,OHSU-2155356,outer_val
13,2,43,OHSU-3286474,outer_val
13,2,44,OHSU-2124248,outer_val
13,2,57,OHSU-4219416,outer_val
14,2,8,OHSU-8218392,fit
14,2,63,OHSU-1552181,fit
14,2,55,OHSU-1502229,fit
14,2,64,OHSU-3652932,fit
14,2,47,OHSU-1664335,fit
14,2,13,OHSU-1743472,fit
14,2,39,OHSU-3677724,fit
14,2,33,OHSU-1536593,fit
14,2,59,OHSU-2232376,fit
14,2,48,OHSU-1411223,fit
14,2,38,OHSU-3869075,fit
14,2,46,OHSU-3244985,fit
14,2,1,OHSU-2054998,fit
14,2,40,OHSU-2155356,fit
14,2,4,OHSU-1696588,fit
14,2,53,OHSU-5302451,fit
14,2,41,OHSU-9499804,fit
14,2,61,OHSU-7333005,fit
14,2,35,OHSU-1084884,fit
14,2,9,OHSU-2845989,fit
14,2,0,OHSU-3466651,fit
14,2,7,OHSU-3899622,fit
14,2,36,OHSU-4529116,fit
14,2,21,OHSU-2455205,fit
14,2,24,OHSU-2426523,fit
14,2,49,OHSU-2232413,fit
14,2,18,OHSU-3052540,fit
14,2,51,OHSU-6953386,fit
14,2,43,OHSU-3286474,fit
14,2,30,OHSU-2288903,fit
14,2,3,OHSU-3051944,fit
14,2,65,OHSU-4103874,fit
14,2,32,OHSU-2427434,fit
14,2,60,OHSU-3302025,fit
14,2,12,OHSU-4072305,fit
14,2,22,OHSU-1386056,fit
14,2,28,OHSU-2054310,fit
14,2,58,OHSU-1421489,fit
14,2,15,OHSU-3358877,fit
14,2,45,OHSU-3812101,fit
14,2,52,OHSU-1647968,fit
14,2,2,OHSU-1481430,fit
14,2,44,OHSU-2124248,fit
14,2,54,OHSU-2561174,fit
14,2,10,OHSU-1340333,fit
14,2,6,OHSU-2790141,fit
14,2,26,OHSU-1548937,fit
14,2,20,OHSU-2959809,fit
14,2,34,OHSU-2578455,fit
14,2,11,OHSU-3162671,fit
14,2,31,OHSU-2947936,inner_val
14,2,50,OHSU-8064456,inner_val
14,2,17,OHSU-2409220,inner_val
14,2,42,OHSU-2559559,inner_val
14,2,37,OHSU-8720244,inner_val
14,2,57,OHSU-4219416,inner_val
14,2,25,OHSU-3684229,inner_val
14,2,27,OHSU-4016887,inner_val
14,2,14,OHSU-6592761,inner_val
14,2,5,OHSU-3048401,outer_val
14,2,16,OHSU-3212875,outer_val
14,2,19,OHSU-1206380,outer_val
14,2,23,OHSU-1679142,outer_val
14,2,29,OHSU-1418396,outer_val
14,2,56,OHSU-2415970,outer_val
14,2,62,OHSU-1108916,outer_val
15,2,11,OHSU-3162671,fit
15,2,34,OHSU-2578455,fit
15,2,59,OHSU-2232376,fit
15,2,61,OHSU-7333005,fit
15,2,4,OHSU-1696588,fit
15,2,26,OHSU-1548937,fit
15,2,8,OHSU-8218392,fit
15,2,45,OHSU-3812101,fit
15,2,47,OHSU-1664335,fit
15,2,54,OHSU-2561174,fit
15,2,27,OHSU-4016887,fit
15,2,37,OHSU-8720244,fit
15,2,23,OHSU-1679142,fit
15,2,36,OHSU-4529116,fit
15,2,14,OHSU-6592761,fit
15,2,17,OHSU-2409220,fit
15,2,39,OHSU-3677724,fit
15,2,38,OHSU-3869075,fit
15,2,56,OHSU-2415970,fit
15,2,58,OHSU-1421489,fit
15,2,22,OHSU-1386056,fit
15,2,12,OHSU-4072305,fit
15,2,16,OHSU-3212875,fit
15,2,29,OHSU-1418396,fit
15,2,63,OHSU-1552181,fit
15,2,21,OHSU-2455205,fit
15,2,13,OHSU-1743472,fit
15,2,40,OHSU-2155356,fit
15,2,60,OHSU-3302025,fit
15,2,31,OHSU-2947936,fit
15,2,52,OHSU-1647968,fit
15,2,15,OHSU-3358877,fit
15,2,28,OHSU-2054310,fit
15,2,19,OHSU-1206380,fit
15,2,18,OHSU-3052540,fit
15,2,64,OHSU-3652932,fit
15,2,62,OHSU-1108916,fit
15,2,49,OHSU-2232413,fit
15,2,65,OHSU-4103874,fit
15,2,50,OHSU-8064456,fit
15,2,44,OHSU-2124248,fit
15,2,35,OHSU-1084884,fit
15,2,0,OHSU-3466651,fit
15,2,9,OHSU-2845989,fit
15,2,10,OHSU-1340333,fit
15,2,20,OHSU-2959809,fit
15,2,51,OHSU-6953386,fit
15,2,43,OHSU-3286474,fit
15,2,46,OHSU-3244985,fit
15,2,57,OHSU-4219416,fit
15,2,42,OHSU-2559559,inner_val
15,2,25,OHSU-3684229,inner_val
15,2,24,OHSU-2426523,inner_val
15,2,5,OHSU-3048401,inner_val
15,2,30,OHSU-2288903,inner_val
15,2,1,OHSU-2054998,inner_val
15,2,6,OHSU-2790141,inner_val
15,2,32,OHSU-2427434,inner_val
15,2,41,OHSU-9499804,inner_val
15,2,2,OHSU-1481430,outer_val
15,2,3,OHSU-3051944,outer_val
15,2,7,OHSU-3899622,outer_val
15,2,33,OHSU-1536593,outer_val
15,2,48,OHSU-1411223,outer_val
15,2,53,OHSU-5302451,outer_val
15,2,55,OHSU-1502229,outer_val
16,2,12,OHSU-4072305,fit
16,2,35,OHSU-1084884,fit
16,2,1,OHSU-2054998,fit
16,2,41,OHSU-9499804,fit
16,2,23,OHSU-1679142,fit
16,2,42,OHSU-2559559,fit
16,2,17,OHSU-2409220,fit
16,2,40,OHSU-2155356,fit
16,2,18,OHSU-3052540,fit
16,2,50,OHSU-8064456,fit
16,2,21,OHSU-2455205,fit
16,2,5,OHSU-3048401,fit
16,2,6,OHSU-2790141,fit
16,2,14,OHSU-6592761,fit
16,2,34,OHSU-2578455,fit
16,2,2,OHSU-1481430,fit
16,2,55,OHSU-1502229,fit
16,2,37,OHSU-8720244,fit
16,2,56,OHSU-2415970,fit
16,2,11,OHSU-3162671,fit
16,2,7,OHSU-3899622,fit
16,2,43,OHSU-3286474,fit
16,2,57,OHSU-4219416,fit
16,2,20,OHSU-2959809,fit
16,2,28,OHSU-2054310,fit
16,2,25,OHSU-3684229,fit
16,2,63,OHSU-1552181,fit
16,2,48,OHSU-1411223,fit
16,2,10,OHSU-1340333,fit
16,2,15,OHSU-3358877,fit
16,2,52,OHSU-1647968,fit
16,2,39,OHSU-3677724,fit
16,2,0,OHSU-3466651,fit
16,2,19,OHSU-1206380,fit
16,2,49,OHSU-2232413,fit
16,2,36,OHSU-4529116,fit
16,2,13,OHSU-1743472,fit
16,2,24,OHSU-2426523,fit
16,2,53,OHSU-5302451,fit
16,2,16,OHSU-3212875,fit
16,2,3,OHSU-3051944,fit
16,2,38,OHSU-3869075,fit
16,2,29,OHSU-1418396,fit
16,2,47,OHSU-1664335,fit
16,2,30,OHSU-2288903,fit
16,2,58,OHSU-1421489,fit
16,2,45,OHSU-3812101,fit
16,2,46,OHSU-3244985,fit
16,2,54,OHSU-2561174,fit
16,2,31,OHSU-2947936,fit
16,2,9,OHSU-2845989,inner_val
16,2,62,OHSU-1108916,inner_val
16,2,61,OHSU-7333005,inner_val
16,2,32,OHSU-2427434,inner_val
16,2,8,OHSU-8218392,inner_val
16,2,33,OHSU-1536593,inner_val
16,2,44,OHSU-2124248,inner_val
16,2,59,OHSU-2232376,inner_val
16,2,60,OHSU-3302025,inner_val
16,2,4,OHSU-1696588,outer_val
16,2,22,OHSU-1386056,outer_val
16,2,26,OHSU-1548937,outer_val
16,2,27,OHSU-4016887,outer_val
16,2,51,OHSU-6953386,outer_val
16,2,64,OHSU-3652932,outer_val
16,2,65,OHSU-4103874,outer_val
17,2,15,OHSU-3358877,fit
17,2,33,OHSU-1536593,fit
17,2,1,OHSU-2054998,fit
17,2,21,OHSU-2455205,fit
17,2,30,OHSU-2288903,fit
17,2,34,OHSU-2578455,fit
17,2,65,OHSU-4103874,fit
17,2,17,OHSU-2409220,fit
17,2,27,OHSU-4016887,fit
17,2,50,OHSU-8064456,fit
17,2,29,OHSU-1418396,fit
17,2,35,OHSU-1084884,fit
17,2,23,OHSU-1679142,fit
17,2,6,OHSU-2790141,fit
17,2,5,OHSU-3048401,fit
17,2,16,OHSU-3212875,fit
17,2,2,OHSU-1481430,fit
17,2,37,OHSU-8720244,fit
17,2,25,OHSU-3684229,fit
17,2,61,OHSU-7333005,fit
17,2,20,OHSU-2959809,fit
17,2,55,OHSU-1502229,fit
17,2,9,OHSU-2845989,fit
17,2,58,OHSU-1421489,fit
17,2,64,OHSU-3652932,fit
17,2,4,OHSU-1696588,fit
17,2,19,OHSU-1206380,fit
17,2,32,OHSU-2427434,fit
17,2,57,OHSU-4219416,fit
17,2,7,OHSU-3899622,fit
17,2,62,OHSU-1108916,fit
17,2,52,OHSU-1647968,fit
17,2,3,OHSU-3051944,fit
17,2,42,OHSU-2559559,fit
17,2,14,OHSU-6592761,fit
17,2,49,OHSU-2232413,fit
17,2,41,OHSU-9499804,fit
17,2,54,OHSU-2561174,fit
17,2,43,OHSU-3286474,fit
17,2,36,OHSU-4529116,fit
17,2,22,OHSU-1386056,fit
17,2,45,OHSU-3812101,fit
17,2,31,OHSU-2947936,fit
17,2,60,OHSU-3302025,fit
17,2,11,OHSU-3162671,fit
17,2,53,OHSU-5302451,fit
17,2,51,OHSU-6953386,fit
17,2,24,OHSU-2426523,fit
17,2,48,OHSU-1411223,fit
17,2,12,OHSU-4072305,fit
17,2,13,OHSU-1743472,fit
17,2,44,OHSU-2124248,inner_val
17,2,40,OHSU-2155356,inner_val
17,2,47,OHSU-1664335,inner_val
17,2,63,OHSU-1552181,inner_val
17,2,26,OHSU-1548937,inner_val
17,2,56,OHSU-2415970,inner_val
17,2,59,OHSU-2232376,inner_val
17,2,10,OHSU-1340333,inner_val
17,2,0,OHSU-3466651,inner_val
17,2,8,OHSU-8218392,outer_val
17,2,18,OHSU-3052540,outer_val
17,2,28,OHSU-2054310,outer_val
17,2,38,OHSU-3869075,outer_val
17,2,39,OHSU-3677724,outer_val
17,2,46,OHSU-3244985,outer_val
18,2,43,OHSU-3286474,fit
18,2,39,OHSU-3677724,fit
18,2,65,OHSU-4103874,fit
18,2,12,OHSU-4072305,fit
18,2,51,OHSU-6953386,fit
18,2,7,OHSU-3899622,fit
18,2,8,OHSU-8218392,fit
18,2,34,OHSU-2578455,fit
18,2,2,OHSU-1481430,fit
18,2,27,OHSU-4016887,fit
18,2,21,OHSU-2455205,fit
18,2,44,OHSU-2124248,fit
18,2,38,OHSU-3869075,fit
18,2,16,OHSU-3212875,fit
18,2,57,OHSU-4219416,fit
18,2,14,OHSU-6592761,fit
18,2,22,OHSU-1386056,fit
18,2,46,OHSU-3244985,fit
18,2,55,OHSU-1502229,fit
18,2,5,OHSU-3048401,fit
18,2,64,OHSU-3652932,fit
18,2,48,OHSU-1411223,fit
18,2,4,OHSU-1696588,fit
18,2,3,OHSU-3051944,fit
18,2,28,OHSU-2054310,fit
18,2,62,OHSU-1108916,fit
18,2,50,OHSU-8064456,fit
18,2,15,OHSU-3358877,fit
18,2,49,OHSU-2232413,fit
18,2,13,OHSU-1743472,fit
18,2,29,OHSU-1418396,fit
18,2,1,OHSU-2054998,fit
18,2,61,OHSU-7333005,fit
18,2,37,OHSU-8720244,fit
18,2,54,OHSU-2561174,fit
18,2,35,OHSU-1084884,fit
18,2,23,OHSU-1679142,fit
18,2,40,OHSU-2155356,fit
18,2,9,OHSU-2845989,fit
18,2,11,OHSU-3162671,fit
18,2,60,OHSU-3302025,fit
18,2,24,OHSU-2426523,fit
18,2,56,OHSU-2415970,fit
18,2,36,OHSU-4529116,fit
18,2,58,OHSU-1421489,fit
18,2,52,OHSU-1647968,fit
18,2,18,OHSU-3052540,fit
18,2,59,OHSU-2232376,fit
18,2,63,OHSU-1552181,fit
18,2,53,OHSU-5302451,fit
18,2,30,OHSU-2288903,fit
18,2,19,OHSU-1206380,inner_val
18,2,32,OHSU-2427434,inner_val
18,2,26,OHSU-1548937,inner_val
18,2,10,OHSU-1340333,inner_val
18,2,41,OHSU-9499804,inner_val
18,2,33,OHSU-1536593,inner_val
18,2,47,OHSU-1664335,inner_val
18,2,0,OHSU-3466651,inner_val
18,2,45,OHSU-3812101,inner_val
18,2,6,OHSU-2790141,outer_val
18,2,17,OHSU-2409220,outer_val
18,2,20,OHSU-2959809,outer_val
18,2,25,OHSU-3684229,outer_val
18,2,31,OHSU-2947936,outer_val
18,2,42,OHSU-2559559,outer_val
19,2,46,OHSU-3244985,fit
19,2,4,OHSU-1696588,fit
19,2,56,OHSU-2415970,fit
19,2,7,OHSU-3899622,fit
19,2,29,OHSU-1418396,fit
19,2,43,OHSU-3286474,fit
19,2,42,OHSU-2559559,fit
19,2,21,OHSU-2455205,fit
19,2,33,OHSU-1536593,fit
19,2,32,OHSU-2427434,fit
19,2,52,OHSU-1647968,fit
19,2,53,OHSU-5302451,fit
19,2,64,OHSU-3652932,fit
19,2,58,OHSU-1421489,fit
19,2,5,OHSU-3048401,fit
19,2,45,OHSU-3812101,fit
19,2,34,OHSU-2578455,fit
19,2,48,OHSU-1411223,fit
19,2,10,OHSU-1340333,fit
19,2,15,OHSU-3358877,fit
19,2,54,OHSU-2561174,fit
19,2,38,OHSU-3869075,fit
19,2,62,OHSU-1108916,fit
19,2,37,OHSU-8720244,fit
19,2,40,OHSU-2155356,fit
19,2,65,OHSU-4103874,fit
19,2,47,OHSU-1664335,fit
19,2,50,OHSU-8064456,fit
19,2,27,OHSU-4016887,fit
19,2,28,OHSU-2054310,fit
19,2,6,OHSU-2790141,fit
19,2,14,OHSU-6592761,fit
19,2,61,OHSU-7333005,fit
19,2,51,OHSU-6953386,fit
19,2,1,OHSU-2054998,fit
19,2,13,OHSU-1743472,fit
19,2,55,OHSU-1502229,fit
19,2,44,OHSU-2124248,fit
19,2,36,OHSU-4529116,fit
19,2,19,OHSU-1206380,fit
19,2,3,OHSU-3051944,fit
19,2,12,OHSU-4072305,fit
19,2,39,OHSU-3677724,fit
19,2,23,OHSU-1679142,fit
19,2,17,OHSU-2409220,fit
19,2,16,OHSU-3212875,fit
19,2,59,OHSU-2232376,fit
19,2,57,OHSU-4219416,fit
19,2,60,OHSU-3302025,fit
19,2,41,OHSU-9499804,fit
19,2,22,OHSU-1386056,fit
19,2,0,OHSU-3466651,inner_val
19,2,26,OHSU-1548937,inner_val
19,2,31,OHSU-2947936,inner_val
19,2,20,OHSU-2959809,inner_val
19,2,9,OHSU-2845989,inner_val
19,2,2,OHSU-1481430,inner_val
19,2,25,OHSU-3684229,inner_val
19,2,8,OHSU-8218392,inner_val
19,2,18,OHSU-3052540,inner_val
19,2,11,OHSU-3162671,outer_val
19,2,24,OHSU-2426523,outer_val
19,2,30,OHSU-2288903,outer_val
19,2,35,OHSU-1084884,outer_val
19,2,49,OHSU-2232413,outer_val
19,2,63,OHSU-1552181,outer_val
20,2,59,OHSU-2232376,fit
20,2,60,OHSU-3302025,fit
20,2,1,OHSU-2054998,fit
20,2,50,OHSU-8064456,fit
20,2,7,OHSU-3899622,fit
20,2,35,OHSU-1084884,fit
20,2,21,OHSU-2455205,fit
20,2,14,OHSU-6592761,fit
20,2,34,OHSU-2578455,fit
20,2,40,OHSU-2155356,fit
20,2,9,OHSU-2845989,fit
20,2,30,OHSU-2288903,fit
20,2,28,OHSU-2054310,fit
20,2,49,OHSU-2232413,fit
20,2,5,OHSU-3048401,fit
20,2,46,OHSU-3244985,fit
20,2,22,OHSU-1386056,fit
20,2,8,OHSU-8218392,fit
20,2,25,OHSU-3684229,fit
20,2,39,OHSU-3677724,fit
20,2,18,OHSU-3052540,fit
20,2,55,OHSU-1502229,fit
20,2,45,OHSU-3812101,fit
20,2,19,OHSU-1206380,fit
20,2,31,OHSU-2947936,fit
20,2,16,OHSU-3212875,fit
20,2,24,OHSU-2426523,fit
20,2,37,OHSU-8720244,fit
20,2,41,OHSU-9499804,fit
20,2,11,OHSU-3162671,fit
20,2,33,OHSU-1536593,fit
20,2,65,OHSU-4103874,fit
20,2,61,OHSU-7333005,fit
20,2,54,OHSU-2561174,fit
20,2,64,OHSU-3652932,fit
20,2,51,OHSU-6953386,fit
20,2,6,OHSU-2790141,fit
20,2,44,OHSU-2124248,fit
20,2,53,OHSU-5302451,fit
20,2,38,OHSU-3869075,fit
20,2,4,OHSU-1696588,fit
20,2,12,OHSU-4072305,fit
20,2,10,OHSU-1340333,fit
20,2,15,OHSU-3358877,fit
20,2,2,OHSU-1481430,fit
20,2,56,OHSU-2415970,fit
20,2,17,OHSU-2409220,fit
20,2,23,OHSU-1679142,fit
20,2,63,OHSU-1552181,fit
20,2,20,OHSU-2959809,fit
20,2,43,OHSU-3286474,fit
20,2,48,OHSU-1411223,inner_val
20,2,62,OHSU-1108916,inner_val
20,2,42,OHSU-2559559,inner_val
20,2,32,OHSU-2427434,inner_val
20,2,57,OHSU-4219416,inner_val
20,2,3,OHSU-3051944,inner_val
20,2,26,OHSU-1548937,inner_val
20,2,27,OHSU-4016887,inner_val
20,2,29,OHSU-1418396,inner_val
20,2,0,OHSU-3466651,outer_val
20,2,13,OHSU-1743472,outer_val
20,2,36,OHSU-4529116,outer_val
20,2,47,OHSU-1664335,outer_val
20,2,52,OHSU-1647968,outer_val
20,2,58,OHSU-1421489,outer_val
21,3,57,OHSU-4219416,fit
21,3,52,OHSU-1647968,fit
21,3,2,OHSU-1481430,fit
21,3,59,OHSU-2232376,fit
21,3,19,OHSU-1206380,fit
21,3,29,OHSU-1418396,fit
21,3,51,OHSU-6953386,fit
21,3,41,OHSU-9499804,fit
21,3,0,OHSU-3466651,fit
21,3,26,OHSU-1548937,fit
21,3,32,OHSU-2427434,fit
21,3,45,OHSU-3812101,fit
21,3,18,OHSU-3052540,fit
21,3,14,OHSU-6592761,fit
21,3,25,OHSU-3684229,fit
21,3,22,OHSU-1386056,fit
21,3,3,OHSU-3051944,fit
21,3,55,OHSU-1502229,fit
21,3,50,OHSU-8064456,fit
21,3,16,OHSU-3212875,fit
21,3,37,OHSU-8720244,fit
21,3,33,OHSU-1536593,fit
21,3,65,OHSU-4103874,fit
21,3,27,OHSU-4016887,fit
21,3,9,OHSU-2845989,fit
21,3,28,OHSU-2054310,fit
21,3,15,OHSU-3358877,fit
21,3,56,OHSU-2415970,fit
21,3,43,OHSU-3286474,fit
21,3,39,OHSU-3677724,fit
21,3,49,OHSU-2232413,fit
21,3,1,OHSU-2054998,fit
21,3,7,OHSU-3899622,fit
21,3,61,OHSU-7333005,fit
21,3,30,OHSU-2288903,fit
21,3,42,OHSU-2559559,fit
21,3,5,OHSU-3048401,fit
21,3,23,OHSU-1679142,fit
21,3,13,OHSU-1743472,fit
21,3,60,OHSU-3302025,fit
21,3,31,OHSU-2947936,fit
21,3,54,OHSU-2561174,fit
21,3,11,OHSU-3162671,fit
21,3,40,OHSU-2155356,fit
21,3,24,OHSU-2426523,fit
21,3,46,OHSU-3244985,fit
21,3,17,OHSU-2409220,fit
21,3,58,OHSU-1421489,fit
21,3,6,OHSU-2790141,fit
21,3,62,OHSU-1108916,fit
21,3,48,OHSU-1411223,inner_val
21,3,12,OHSU-4072305,inner_val
21,3,20,OHSU-2959809,inner_val
21,3,38,OHSU-3869075,inner_val
21,3,53,OHSU-5302451,inner_val
21,3,47,OHSU-1664335,inner_val
21,3,21,OHSU-2455205,inner_val
21,3,36,OHSU-4529116,inner_val
21,3,34,OHSU-2578455,inner_val
21,3,4,OHSU-1696588,outer_val
21,3,8,OHSU-8218392,outer_val
21,3,10,OHSU-1340333,outer_val
21,3,35,OHSU-1084884,outer_val
21,3,44,OHSU-2124248,outer_val
21,3,63,OHSU-1552181,outer_val
21,3,64,OHSU-3652932,outer_val
22,3,61,OHSU-7333005,fit
22,3,11,OHSU-3162671,fit
22,3,57,OHSU-4219416,fit
22,3,17,OHSU-2409220,fit
22,3,5,OHSU-3048401,fit
22,3,28,OHSU-2054310,fit
22,3,21,OHSU-2455205,fit
22,3,9,OHSU-2845989,fit
22,3,47,OHSU-1664335,fit
22,3,16,OHSU-3212875,fit
22,3,36,OHSU-4529116,fit
22,3,46,OHSU-3244985,fit
22,3,7,OHSU-3899622,fit
22,3,49,OHSU-2232413,fit
22,3,63,OHSU-1552181,fit
22,3,37,OHSU-8720244,fit
22,3,26,OHSU-1548937,fit
22,3,32,OHSU-2427434,fit
22,3,25,OHSU-3684229,fit
22,3,38,OHSU-3869075,fit
22,3,3,OHSU-3051944,fit
22,3,59,OHSU-2232376,fit
22,3,13,OHSU-1743472,fit
22,3,58,OHSU-1421489,fit
22,3,15,OHSU-3358877,fit
22,3,29,OHSU-1418396,fit
22,3,52,OHSU-1647968,fit
22,3,19,OHSU-1206380,fit
22,3,0,OHSU-3466651,fit
22,3,30,OHSU-2288903,fit
22,3,14,OHSU-6592761,fit
22,3,56,OHSU-2415970,fit
22,3,50,OHSU-8064456,fit
22,3,23,OHSU-1679142,fit
22,3,55,OHSU-1502229,fit
22,3,39,OHSU-3677724,fit
22,3,64,OHSU-3652932,fit
22,3,6,OHSU-2790141,fit
22,3,41,OHSU-9499804,fit
22,3,22,OHSU-1386056,fit
22,3,2,OHSU-1481430,fit
22,3,48,OHSU-1411223,fit
22,3,18,OHSU-3052540,fit
22,3,40,OHSU-2155356,fit
22,3,60,OHSU-3302025,fit
22,3,42,OHSU-2559559,fit
22,3,27,OHSU-4016887,fit
22,3,8,OHSU-8218392,fit
22,3,4,OHSU-1696588,fit
22,3,53,OHSU-5302451,fit
22,3,51,OHSU-6953386,inner_val
22,3,54,OHSU-2561174,inner_val
22,3,20,OHSU-2959809,inner_val
22,3,44,OHSU-2124248,inner_val
22,3,10,OHSU-1340333,inner_val
22,3,43,OHSU-3286474,inner_val
22,3,34,OHSU-2578455,inner_val
22,3,35,OHSU-1084884,inner_val
22,3,1,OHSU-2054998,inner_val
22,3,12,OHSU-4072305,outer_val
22,3,24,OHSU-2426523,outer_val
22,3,31,OHSU-2947936,outer_val
22,3,33,OHSU-1536593,outer_val
22,3,45,OHSU-3812101,outer_val
22,3,62,OHSU-1108916,outer_val
22,3,65,OHSU-4103874,outer_val
23,3,60,OHSU-3302025,fit
23,3,59,OHSU-2232376,fit
23,3,29,OHSU-1418396,fit
23,3,43,OHSU-3286474,fit
23,3,50,OHSU-8064456,fit
23,3,40,OHSU-2155356,fit
23,3,9,OHSU-2845989,fit
23,3,3,OHSU-3051944,fit
23,3,16,OHSU-3212875,fit
23,3,39,OHSU-3677724,fit
23,3,63,OHSU-1552181,fit
23,3,11,OHSU-3162671,fit
23,3,26,OHSU-1548937,fit
23,3,15,OHSU-3358877,fit
23,3,1,OHSU-2054998,fit
23,3,28,OHSU-2054310,fit
23,3,58,OHSU-1421489,fit
23,3,37,OHSU-8720244,fit
23,3,27,OHSU-4016887,fit
23,3,25,OHSU-3684229,fit
23,3,49,OHSU-2232413,fit
23,3,33,OHSU-1536593,fit
23,3,2,OHSU-1481430,fit
23,3,61,OHSU-7333005,fit
23,3,57,OHSU-4219416,fit
23,3,18,OHSU-3052540,fit
23,3,45,OHSU-3812101,fit
23,3,23,OHSU-1679142,fit
23,3,31,OHSU-2947936,fit
23,3,42,OHSU-2559559,fit
23,3,52,OHSU-1647968,fit
23,3,4,OHSU-1696588,fit
23,3,51,OHSU-6953386,fit
23,3,10,OHSU-1340333,fit
23,3,47,OHSU-1664335,fit
23,3,21,OHSU-2455205,fit
23,3,12,OHSU-4072305,fit
23,3,38,OHSU-3869075,fit
23,3,65,OHSU-4103874,fit
23,3,17,OHSU-2409220,fit
23,3,14,OHSU-6592761,fit
23,3,24,OHSU-2426523,fit
23,3,48,OHSU-1411223,fit
23,3,56,OHSU-2415970,fit
23,3,44,OHSU-2124248,fit
23,3,34,OHSU-2578455,fit
23,3,64,OHSU-3652932,fit
23,3,35,OHSU-1084884,fit
23,3,62,OHSU-1108916,fit
23,3,8,OHSU-8218392,fit
23,3,0,OHSU-3466651,inner_val
23,3,46,OHSU-3244985,inner_val
23,3,7,OHSU-3899622,inner_val
23,3,13,OHSU-1743472,inner_val
23,3,32,OHSU-2427434,inner_val
23,3,30,OHSU-2288903,inner_val
23,3,41,OHSU-9499804,inner_val
23,3,22,OHSU-1386056,inner_val
23,3,19,OHSU-1206380,inner_val
23,3,5,OHSU-3048401,outer_val
23,3,6,OHSU-2790141,outer_val
23,3,20,OHSU-2959809,outer_val
23,3,36,OHSU-4529116,outer_val
23,3,53,OHSU-5302451,outer_val
23,3,54,OHSU-2561174,outer_val
23,3,55,OHSU-1502229,outer_val
24,3,39,OHSU-3677724,fit
24,3,25,OHSU-3684229,fit
24,3,31,OHSU-2947936,fit
24,3,62,OHSU-1108916,fit
24,3,24,OHSU-2426523,fit
24,3,0,OHSU-3466651,fit
24,3,32,OHSU-2427434,fit
24,3,58,OHSU-1421489,fit
24,3,27,OHSU-4016887,fit
24,3,17,OHSU-2409220,fit
24,3,64,OHSU-3652932,fit
24,3,51,OHSU-6953386,fit
24,3,61,OHSU-7333005,fit
24,3,36,OHSU-4529116,fit
24,3,56,OHSU-2415970,fit
24,3,34,OHSU-2578455,fit
24,3,22,OHSU-1386056,fit
24,3,10,OHSU-1340333,fit
24,3,3,OHSU-3051944,fit
24,3,49,OHSU-2232413,fit
24,3,52,OHSU-1647968,fit
24,3,5,OHSU-3048401,fit
24,3,1,OHSU-2054998,fit
24,3,19,OHSU-1206380,fit
24,3,50,OHSU-8064456,fit
24,3,12,OHSU-4072305,fit
24,3,7,OHSU-3899622,fit
24,3,65,OHSU-4103874,fit
24,3,8,OHSU-8218392,fit
24,3,45,OHSU-3812101,fit
24,3,63,OHSU-1552181,fit
24,3,28,OHSU-2054310,fit
24,3,37,OHSU-8720244,fit
24,3,20,OHSU-2959809,fit
24,3,53,OHSU-5302451,fit
24,3,29,OHSU-1418396,fit
24,3,55,OHSU-1502229,fit
24,3,46,OHSU-3244985,fit
24,3,42,OHSU-2559559,fit
24,3,30,OHSU-2288903,fit
24,3,13,OHSU-1743472,fit
24,3,4,OHSU-1696588,fit
24,3,41,OHSU-9499804,fit
24,3,9,OHSU-2845989,fit
24,3,60,OHSU-3302025,fit
24,3,59,OHSU-2232376,fit
24,3,48,OHSU-1411223,fit
24,3,40,OHSU-2155356,fit
24,3,23,OHSU-1679142,fit
24,3,35,OHSU-1084884,fit
24,3,14,OHSU-6592761,inner_val
24,3,44,OHSU-2124248,inner_val
24,3,47,OHSU-1664335,inner_val
24,3,57,OHSU-4219416,inner_val
24,3,6,OHSU-2790141,inner_val
24,3,54,OHSU-2561174,inner_val
24,3,15,OHSU-3358877,inner_val
24,3,33,OHSU-1536593,inner_val
24,3,16,OHSU-3212875,inner_val
24,3,2,OHSU-1481430,outer_val
24,3,11,OHSU-3162671,outer_val
24,3,18,OHSU-3052540,outer_val
24,3,21,OHSU-2455205,outer_val
24,3,26,OHSU-1548937,outer_val
24,3,38,OHSU-3869075,outer_val
24,3,43,OHSU-3286474,outer_val
25,3,47,OHSU-1664335,fit
25,3,18,OHSU-3052540,fit
25,3,8,OHSU-8218392,fit
25,3,35,OHSU-1084884,fit
25,3,9,OHSU-2845989,fit
25,3,50,OHSU-8064456,fit
25,3,38,OHSU-3869075,fit
25,3,28,OHSU-2054310,fit
25,3,31,OHSU-2947936,fit
25,3,19,OHSU-1206380,fit
25,3,52,OHSU-1647968,fit
25,3,37,OHSU-8720244,fit
25,3,39,OHSU-3677724,fit
25,3,12,OHSU-4072305,fit
25,3,1,OHSU-2054998,fit
25,3,11,OHSU-3162671,fit
25,3,3,OHSU-3051944,fit
25,3,54,OHSU-2561174,fit
25,3,65,OHSU-4103874,fit
25,3,2,OHSU-1481430,fit
25,3,34,OHSU-2578455,fit
25,3,21,OHSU-2455205,fit
25,3,60,OHSU-3302025,fit
25,3,5,OHSU-3048401,fit
25,3,55,OHSU-1502229,fit
25,3,43,OHSU-3286474,fit
25,3,26,OHSU-1548937,fit
25,3,27,OHSU-4016887,fit
25,3,36,OHSU-4529116,fit
25,3,53,OHSU-5302451,fit
25,3,4,OHSU-1696588,fit
25,3,62,OHSU-1108916,fit
25,3,44,OHSU-2124248,fit
25,3,57,OHSU-4219416,fit
25,3,14,OHSU-6592761,fit
25,3,59,OHSU-2232376,fit
25,3,15,OHSU-3358877,fit
25,3,20,OHSU-2959809,fit
25,3,63,OHSU-1552181,fit
25,3,13,OHSU-1743472,fit
25,3,46,OHSU-3244985,fit
25,3,48,OHSU-1411223,fit
25,3,61,OHSU-7333005,fit
25,3,10,OHSU-1340333,fit
25,3,24,OHSU-2426523,fit
25,3,30,OHSU-2288903,fit
25,3,22,OHSU-1386056,fit
25,3,6,OHSU-2790141,fit
25,3,23,OHSU-1679142,fit
25,3,45,OHSU-3812101,fit
25,3,0,OHSU-3466651,inner_val
25,3,25,OHSU-3684229,inner_val
25,3,33,OHSU-1536593,inner_val
25,3,49,OHSU-2232413,inner_val
25,3,29,OHSU-1418396,inner_val
25,3,40,OHSU-2155356,inner_val
25,3,32,OHSU-2427434,inner_val
25,3,64,OHSU-3652932,inner_val
25,3,41,OHSU-9499804,inner_val
25,3,7,OHSU-3899622,outer_val
25,3,16,OHSU-3212875,outer_val
25,3,17,OHSU-2409220,outer_val
25,3,42,OHSU-2559559,outer_val
25,3,51,OHSU-6953386,outer_val
25,3,56,OHSU-2415970,outer_val
25,3,58,OHSU-1421489,outer_val
26,3,51,OHSU-6953386,fit
26,3,35,OHSU-1084884,fit
26,3,23,OHSU-1679142,fit
26,3,34,OHSU-2578455,fit
26,3,38,OHSU-3869075,fit
26,3,31,OHSU-2947936,fit
26,3,9,OHSU-2845989,fit
26,3,48,OHSU-1411223,fit
26,3,61,OHSU-7333005,fit
26,3,11,OHSU-3162671,fit
26,3,26,OHSU-1548937,fit
26,3,44,OHSU-2124248,fit
26,3,58,OHSU-1421489,fit
26,3,12,OHSU-4072305,fit
26,3,32,OHSU-2427434,fit
26,3,10,OHSU-1340333,fit
26,3,40,OHSU-2155356,fit
26,3,33,OHSU-1536593,fit
26,3,28,OHSU-2054310,fit
26,3,1,OHSU-2054998,fit
26,3,63,OHSU-1552181,fit
26,3,53,OHSU-5302451,fit
26,3,46,OHSU-3244985,fit
26,3,36,OHSU-4529116,fit
26,3,52,OHSU-1647968,fit
26,3,24,OHSU-2426523,fit
26,3,57,OHSU-4219416,fit
26,3,21,OHSU-2455205,fit
26,3,19,OHSU-1206380,fit
26,3,16,OHSU-3212875,fit
26,3,17,OHSU-2409220,fit
26,3,50,OHSU-8064456,fit
26,3,65,OHSU-4103874,fit
26,3,4,OHSU-1696588,fit
26,3,60,OHSU-3302025,fit
26,3,43,OHSU-3286474,fit
26,3,56,OHSU-2415970,fit
26,3,41,OHSU-9499804,fit
26,3,15,OHSU-3358877,fit
26,3,18,OHSU-3052540,fit
26,3,6,OHSU-2790141,fit
26,3,39,OHSU-3677724,fit
26,3,2,OHSU-1481430,fit
26,3,64,OHSU-3652932,fit
26,3,45,OHSU-3812101,fit
26,3,7,OHSU-3899622,fit
26,3,54,OHSU-2561174,fit
26,3,37,OHSU-8720244,fit
26,3,59,OHSU-2232376,fit
26,3,55,OHSU-1502229,fit
26,3,62,OHSU-1108916,inner_val
26,3,47,OHSU-1664335,inner_val
26,3,42,OHSU-2559559,inner_val
26,3,14,OHSU-6592761,inner_val
26,3,20,OHSU-2959809,inner_val
26,3,5,OHSU-3048401,inner_val
26,3,13,OHSU-1743472,inner_val
26,3,8,OHSU-8218392,inner_val
26,3,27,OHSU-4016887,inner_val
26,3,0,OHSU-3466651,outer_val
26,3,3,OHSU-3051944,outer_val
26,3,22,OHSU-1386056,outer_val
26,3,25,OHSU-3684229,outer_val
26,3,29,OHSU-1418396,outer_val
26,3,30,OHSU-2288903,outer_val
26,3,49,OHSU-2232413,outer_val
27,3,29,OHSU-1418396,fit
27,3,5,OHSU-3048401,fit
27,3,11,OHSU-3162671,fit
27,3,8,OHSU-8218392,fit
27,3,19,OHSU-1206380,fit
27,3,9,OHSU-2845989,fit
27,3,3,OHSU-3051944,fit
27,3,61,OHSU-7333005,fit
27,3,18,OHSU-3052540,fit
27,3,21,OHSU-2455205,fit
27,3,57,OHSU-4219416,fit
27,3,54,OHSU-2561174,fit
27,3,38,OHSU-3869075,fit
27,3,62,OHSU-1108916,fit
27,3,64,OHSU-3652932,fit
27,3,49,OHSU-2232413,fit
27,3,32,OHSU-2427434,fit
27,3,60,OHSU-3302025,fit
27,3,56,OHSU-2415970,fit
27,3,45,OHSU-3812101,fit
27,3,39,OHSU-3677724,fit
27,3,53,OHSU-5302451,fit
27,3,40,OHSU-2155356,fit
27,3,14,OHSU-6592761,fit
27,3,59,OHSU-2232376,fit
27,3,24,OHSU-2426523,fit
27,3,12,OHSU-4072305,fit
27,3,35,OHSU-1084884,fit
27,3,55,OHSU-1502229,fit
27,3,65,OHSU-4103874,fit
27,3,42,OHSU-2559559,fit
27,3,7,OHSU-3899622,fit
27,3,27,OHSU-4016887,fit
27,3,47,OHSU-1664335,fit
27,3,25,OHSU-3684229,fit
27,3,58,OHSU-1421489,fit
27,3,16,OHSU-3212875,fit
27,3,23,OHSU-1679142,fit
27,3,26,OHSU-1548937,fit
27,3,1,OHSU-2054998,fit
27,3,20,OHSU-2959809,fit
27,3,22,OHSU-1386056,fit
27,3,30,OHSU-2288903,fit
27,3,51,OHSU-6953386,fit
27,3,13,OHSU-1743472,fit
27,3,31,OHSU-2947936,fit
27,3,4,OHSU-1696588,fit
27,3,2,OHSU-1481430,fit
27,3,10,OHSU-1340333,fit
27,3,6,OHSU-2790141,fit
27,3,63,OHSU-1552181,fit
27,3,52,OHSU-1647968,inner_val
27,3,43,OHSU-3286474,inner_val
27,3,41,OHSU-9499804,inner_val
27,3,44,OHSU-2124248,inner_val
27,3,37,OHSU-8720244,inner_val
27,3,17,OHSU-2409220,inner_val
27,3,0,OHSU-3466651,inner_val
27,3,36,OHSU-4529116,inner_val
27,3,33,OHSU-1536593,inner_val
27,3,15,OHSU-3358877,outer_val
27,3,28,OHSU-2054310,outer_val
27,3,34,OHSU-2578455,outer_val
27,3,46,OHSU-3244985,outer_val
27,3,48,OHSU-1411223,outer_val
27,3,50,OHSU-8064456,outer_val
28,3,49,OHSU-2232413,fit
28,3,34,OHSU-2578455,fit
28,3,29,OHSU-1418396,fit
28,3,31,OHSU-2947936,fit
28,3,10,OHSU-1340333,fit
28,3,1,OHSU-2054998,fit
28,3,43,OHSU-3286474,fit
28,3,13,OHSU-1743472,fit
28,3,35,OHSU-1084884,fit
28,3,26,OHSU-1548937,fit
28,3,0,OHSU-3466651,fit
28,3,3,OHSU-3051944,fit
28,3,48,OHSU-1411223,fit
28,3,53,OHSU-5302451,fit
28,3,8,OHSU-8218392,fit
28,3,27,OHSU-4016887,fit
28,3,44,OHSU-2124248,fit
28,3,22,OHSU-1386056,fit
28,3,40,OHSU-2155356,fit
28,3,5,OHSU-3048401,fit
28,3,28,OHSU-2054310,fit
28,3,62,OHSU-1108916,fit
28,3,11,OHSU-3162671,fit
28,3,51,OHSU-6953386,fit
28,3,37,OHSU-8720244,fit
28,3,17,OHSU-2409220,fit
28,3,6,OHSU-2790141,fit
28,3,14,OHSU-6592761,fit
28,3,2,OHSU-1481430,fit
28,3,38,OHSU-3869075,fit
28,3,18,OHSU-3052540,fit
28,3,65,OHSU-4103874,fit
28,3,12,OHSU-4072305,fit
28,3,52,OHSU-1647968,fit
28,3,50,OHSU-8064456,fit
28,3,25,OHSU-3684229,fit
28,3,55,OHSU-1502229,fit
28,3,64,OHSU-3652932,fit
28,3,7,OHSU-3899622,fit
28,3,32,OHSU-2427434,fit
28,3,4,OHSU-1696588,fit
28,3,30,OHSU-2288903,fit
28,3,56,OHSU-2415970,fit
28,3,47,OHSU-1664335,fit
28,3,45,OHSU-3812101,fit
28,3,24,OHSU-2426523,fit
28,3,15,OHSU-3358877,fit
28,3,21,OHSU-2455205,fit
28,3,58,OHSU-1421489,fit
28,3,54,OHSU-2561174,fit
28,3,59,OHSU-2232376,fit
28,3,63,OHSU-1552181,inner_val
28,3,33,OHSU-1536593,inner_val
28,3,20,OHSU-2959809,inner_val
28,3,42,OHSU-2559559,inner_val
28,3,16,OHSU-3212875,inner_val
28,3,46,OHSU-3244985,inner_val
28,3,39,OHSU-3677724,inner_val
28,3,41,OHSU-9499804,inner_val
28,3,36,OHSU-4529116,inner_val
28,3,9,OHSU-2845989,outer_val
28,3,19,OHSU-1206380,outer_val
28,3,23,OHSU-1679142,outer_val
28,3,57,OHSU-4219416,outer_val
28,3,60,OHSU-3302025,outer_val
28,3,61,OHSU-7333005,outer_val
29,3,37,OHSU-8720244,fit
29,3,25,OHSU-3684229,fit
29,3,30,OHSU-2288903,fit
29,3,51,OHSU-6953386,fit
29,3,59,OHSU-2232376,fit
29,3,28,OHSU-2054310,fit
29,3,18,OHSU-3052540,fit
29,3,60,OHSU-3302025,fit
29,3,31,OHSU-2947936,fit
29,3,16,OHSU-3212875,fit
29,3,19,OHSU-1206380,fit
29,3,0,OHSU-3466651,fit
29,3,17,OHSU-2409220,fit
29,3,10,OHSU-1340333,fit
29,3,8,OHSU-8218392,fit
29,3,61,OHSU-7333005,fit
29,3,56,OHSU-2415970,fit
29,3,64,OHSU-3652932,fit
29,3,54,OHSU-2561174,fit
29,3,53,OHSU-5302451,fit
29,3,2,OHSU-1481430,fit
29,3,63,OHSU-1552181,fit
29,3,5,OHSU-3048401,fit
29,3,7,OHSU-3899622,fit
29,3,6,OHSU-2790141,fit
29,3,45,OHSU-3812101,fit
29,3,26,OHSU-1548937,fit
29,3,65,OHSU-4103874,fit
29,3,40,OHSU-2155356,fit
29,3,24,OHSU-2426523,fit
29,3,47,OHSU-1664335,fit
29,3,57,OHSU-4219416,fit
29,3,62,OHSU-1108916,fit
29,3,4,OHSU-1696588,fit
29,3,50,OHSU-8064456,fit
29,3,36,OHSU-4529116,fit
29,3,23,OHSU-1679142,fit
29,3,13,OHSU-1743472,fit
29,3,22,OHSU-1386056,fit
29,3,32,OHSU-2427434,fit
29,3,11,OHSU-3162671,fit
29,3,38,OHSU-3869075,fit
29,3,20,OHSU-2959809,fit
29,3,58,OHSU-1421489,fit
29,3,12,OHSU-4072305,fit
29,3,34,OHSU-2578455,fit
29,3,49,OHSU-2232413,fit
29,3,42,OHSU-2559559,fit
29,3,3,OHSU-3051944,fit
29,3,21,OHSU-2455205,fit
29,3,9,OHSU-2845989,fit
29,3,43,OHSU-3286474,inner_val
29,3,44,OHSU-2124248,inner_val
29,3,33,OHSU-1536593,inner_val
29,3,29,OHSU-1418396,inner_val
29,3,48,OHSU-1411223,inner_val
29,3,55,OHSU-1502229,inner_val
29,3,46,OHSU-3244985,inner_val
29,3,35,OHSU-1084884,inner_val
29,3,15,OHSU-3358877,inner_val
29,3,1,OHSU-2054998,outer_val
29,3,14,OHSU-6592761,outer_val
29,3,27,OHSU-4016887,outer_val
29,3,39,OHSU-3677724,outer_val
29,3,41,OHSU-9499804,outer_val
29,3,52,OHSU-1647968,outer_val
30,3,8,OHSU-8218392,fit
30,3,54,OHSU-2561174,fit
30,3,41,OHSU-9499804,fit
30,3,56,OHSU-2415970,fit
30,3,64,OHSU-3652932,fit
30,3,6,OHSU-2790141,fit
30,3,44,OHSU-2124248,fit
30,3,45,OHSU-3812101,fit
30,3,19,OHSU-1206380,fit
30,3,12,OHSU-4072305,fit
30,3,52,OHSU-1647968,fit
30,3,61,OHSU-7333005,fit
30,3,14,OHSU-6592761,fit
30,3,35,OHSU-1084884,fit
30,3,50,OHSU-8064456,fit
30,3,65,OHSU-4103874,fit
30,3,28,OHSU-2054310,fit
30,3,33,OHSU-1536593,fit
30,3,31,OHSU-2947936,fit
30,3,22,OHSU-1386056,fit
30,3,0,OHSU-3466651,fit
30,3,30,OHSU-2288903,fit
30,3,17,OHSU-2409220,fit
30,3,55,OHSU-1502229,fit
30,3,5,OHSU-3048401,fit
30,3,63,OHSU-1552181,fit
30,3,38,OHSU-3869075,fit
30,3,60,OHSU-3302025,fit
30,3,16,OHSU-3212875,fit
30,3,11,OHSU-3162671,fit
30,3,51,OHSU-6953386,fit
30,3,27,OHSU-4016887,fit
30,3,3,OHSU-3051944,fit
30,3,9,OHSU-2845989,fit
30,3,1,OHSU-2054998,fit
30,3,10,OHSU-1340333,fit
30,3,48,OHSU-1411223,fit
30,3,49,OHSU-2232413,fit
30,3,7,OHSU-3899622,fit
30,3,39,OHSU-3677724,fit
30,3,46,OHSU-3244985,fit
30,3,15,OHSU-3358877,fit
30,3,23,OHSU-1679142,fit
30,3,24,OHSU-2426523,fit
30,3,57,OHSU-4219416,fit
30,3,25,OHSU-3684229,fit
30,3,26,OHSU-1548937,fit
30,3,36,OHSU-4529116,fit
30,3,4,OHSU-1696588,fit
30,3,18,OHSU-3052540,fit
30,3,21,OHSU-2455205,fit
30,3,29,OHSU-1418396,inner_val
30,3,20,OHSU-2959809,inner_val
30,3,58,OHSU-1421489,inner_val
30,3,43,OHSU-3286474,inner_val
30,3,2,OHSU-1481430,inner_val
30,3,34,OHSU-2578455,inner_val
30,3,53,OHSU-5302451,inner_val
30,3,62,OHSU-1108916,inner_val
30,3,42,OHSU-2559559,inner_val
30,3,13,OHSU-1743472,outer_val
30,3,32,OHSU-2427434,outer_val
30,3,37,OHSU-8720244,outer_val
30,3,40,OHSU-2155356,outer_val
30,3,47,OHSU-1664335,outer_val
30,3,59,OHSU-2232376,outer_val
31,4,43,OHSU-3286474,fit
31,4,1,OHSU-2054998,fit
31,4,12,OHSU-4072305,fit
31,4,38,OHSU-3869075,fit
31,4,41,OHSU-9499804,fit
31,4,24,OHSU-2426523,fit
31,4,61,OHSU-7333005,fit
31,4,32,OHSU-2427434,fit
31,4,3,OHSU-3051944,fit
31,4,8,OHSU-8218392,fit
31,4,9,OHSU-2845989,fit
31,4,54,OHSU-2561174,fit
31,4,51,OHSU-6953386,fit
31,4,50,OHSU-8064456,fit
31,4,57,OHSU-4219416,fit
31,4,16,OHSU-3212875,fit
31,4,19,OHSU-1206380,fit
31,4,55,OHSU-1502229,fit
31,4,56,OHSU-2415970,fit
31,4,52,OHSU-1647968,fit
31,4,53,OHSU-5302451,fit
31,4,21,OHSU-2455205,fit
31,4,11,OHSU-3162671,fit
31,4,4,OHSU-1696588,fit
31,4,60,OHSU-3302025,fit
31,4,37,OHSU-8720244,fit
31,4,27,OHSU-4016887,fit
31,4,62,OHSU-1108916,fit
31,4,44,OHSU-2124248,fit
31,4,31,OHSU-2947936,fit
31,4,25,OHSU-3684229,fit
31,4,29,OHSU-1418396,fit
31,4,20,OHSU-2959809,fit
31,4,14,OHSU-6592761,fit
31,4,2,OHSU-1481430,fit
31,4,6,OHSU-2790141,fit
31,4,59,OHSU-2232376,fit
31,4,5,OHSU-3048401,fit
31,4,23,OHSU-1679142,fit
31,4,49,OHSU-2232413,fit
31,4,39,OHSU-3677724,fit
31,4,28,OHSU-2054310,fit
31,4,45,OHSU-3812101,fit
31,4,15,OHSU-3358877,fit
31,4,48,OHSU-1411223,fit
31,4,10,OHSU-1340333,fit
31,4,58,OHSU-1421489,fit
31,4,30,OHSU-2288903,fit
31,4,34,OHSU-2578455,fit
31,4,65,OHSU-4103874,fit
31,4,35,OHSU-1084884,inner_val
31,4,33,OHSU-1536593,inner_val
31,4,13,OHSU-1743472,inner_val
31,4,0,OHSU-3466651,inner_val
31,4,46,OHSU-3244985,inner_val
31,4,17,OHSU-2409220,inner_val
31,4,18,OHSU-3052540,inner_val
31,4,7,OHSU-3899622,inner_val
31,4,26,OHSU-1548937,inner_val
31,4,22,OHSU-1386056,outer_val
31,4,36,OHSU-4529116,outer_val
31,4,40,OHSU-2155356,outer_val
31,4,42,OHSU-2559559,outer_val
31,4,47,OHSU-1664335,outer_val
31,4,63,OHSU-1552181,outer_val
31,4,64,OHSU-3652932,outer_val
32,4,49,OHSU-2232413,fit
32,4,43,OHSU-3286474,fit
32,4,54,OHSU-2561174,fit
32,4,44,OHSU-2124248,fit
32,4,10,OHSU-1340333,fit
32,4,3,OHSU-3051944,fit
32,4,55,OHSU-1502229,fit
32,4,7,OHSU-3899622,fit
32,4,38,OHSU-3869075,fit
32,4,23,OHSU-1679142,fit
32,4,65,OHSU-4103874,fit
32,4,34,OHSU-2578455,fit
32,4,37,OHSU-8720244,fit
32,4,22,OHSU-1386056,fit
32,4,40,OHSU-2155356,fit
32,4,19,OHSU-1206380,fit
32,4,50,OHSU-8064456,fit
32,4,9,OHSU-2845989,fit
32,4,53,OHSU-5302451,fit
32,4,8,OHSU-8218392,fit
32,4,64,OHSU-3652932,fit
32,4,51,OHSU-6953386,fit
32,4,25,OHSU-3684229,fit
32,4,1,OHSU-2054998,fit
32,4,0,OHSU-3466651,fit
32,4,14,OHSU-6592761,fit
32,4,47,OHSU-1664335,fit
32,4,39,OHSU-3677724,fit
32,4,16,OHSU-3212875,fit
32,4,48,OHSU-1411223,fit
32,4,56,OHSU-2415970,fit
32,4,5,OHSU-3048401,fit
32,4,57,OHSU-4219416,fit
32,4,12,OHSU-4072305,fit
32,4,62,OHSU-1108916,fit
32,4,15,OHSU-3358877,fit
32,4,52,OHSU-1647968,fit
32,4,27,OHSU-4016887,fit
32,4,63,OHSU-1552181,fit
32,4,11,OHSU-3162671,fit
32,4,42,OHSU-2559559,fit
32,4,13,OHSU-1743472,fit
32,4,20,OHSU-2959809,fit
32,4,4,OHSU-1696588,fit
32,4,36,OHSU-4529116,fit
32,4,29,OHSU-1418396,fit
32,4,2,OHSU-1481430,fit
32,4,45,OHSU-3812101,fit
32,4,46,OHSU-3244985,fit
32,4,59,OHSU-2232376,fit
32,4,30,OHSU-2288903,inner_val
32,4,32,OHSU-2427434,inner_val
32,4,33,OHSU-1536593,inner_val
32,4,35,OHSU-1084884,inner_val
32,4,26,OHSU-1548937,inner_val
32,4,41,OHSU-9499804,inner_val
32,4,28,OHSU-2054310,inner_val
32,4,6,OHSU-2790141,inner_val
32,4,17,OHSU-2409220,inner_val
32,4,18,OHSU-3052540,outer_val
32,4,21,OHSU-2455205,outer_val
32,4,24,OHSU-2426523,outer_val
32,4,31,OHSU-2947936,outer_val
32,4,58,OHSU-1421489,outer_val
32,4,60,OHSU-3302025,outer_val
32,4,61,OHSU-7333005,outer_val
33,4,18,OHSU-3052540,fit
33,4,2,OHSU-1481430,fit
33,4,39,OHSU-3677724,fit
33,4,3,OHSU-3051944,fit
33,4,52,OHSU-1647968,fit
33,4,43,OHSU-3286474,fit
33,4,16,OHSU-3212875,fit
33,4,48,OHSU-1411223,fit
33,4,9,OHSU-2845989,fit
33,4,11,OHSU-3162671,fit
33,4,45,OHSU-3812101,fit
33,4,25,OHSU-3684229,fit
33,4,42,OHSU-2559559,fit
33,4,57,OHSU-4219416,fit
33,4,53,OHSU-5302451,fit
33,4,21,OHSU-2455205,fit
33,4,41,OHSU-9499804,fit
33,4,34,OHSU-2578455,fit
33,4,65,OHSU-4103874,fit
33,4,62,OHSU-1108916,fit
33,4,38,OHSU-3869075,fit
33,4,33,OHSU-1536593,fit
33,4,27,OHSU-4016887,fit
33,4,6,OHSU-2790141,fit
33,4,37,OHSU-8720244,fit
33,4,31,OHSU-2947936,fit
33,4,10,OHSU-1340333,fit
33,4,24,OHSU-2426523,fit
33,4,8,OHSU-8218392,fit
33,4,36,OHSU-4529116,fit
33,4,17,OHSU-2409220,fit
33,4,56,OHSU-2415970,fit
33,4,35,OHSU-1084884,fit
33,4,22,OHSU-1386056,fit
33,4,49,OHSU-2232413,fit
33,4,47,OHSU-1664335,fit
33,4,29,OHSU-1418396,fit
33,4,51,OHSU-6953386,fit
33,4,60,OHSU-3302025,fit
33,4,23,OHSU-1679142,fit
33,4,13,OHSU-1743472,fit
33,4,44,OHSU-2124248,fit
33,4,26,OHSU-1548937,fit
33,4,4,OHSU-1696588,fit
33,4,1,OHSU-2054998,fit
33,4,61,OHSU-7333005,fit
33,4,40,OHSU-2155356,fit
33,4,32,OHSU-2427434,fit
33,4,63,OHSU-1552181,fit
33,4,12,OHSU-4072305,fit
33,4,28,OHSU-2054310,inner_val
33,4,30,OHSU-2288903,inner_val
33,4,50,OHSU-8064456,inner_val
33,4,58,OHSU-1421489,inner_val
33,4,54,OHSU-2561174,inner_val
33,4,64,OHSU-3652932,inner_val
33,4,7,OHSU-3899622,inner_val
33,4,59,OHSU-2232376,inner_val
33,4,20,OHSU-2959809,inner_val
33,4,0,OHSU-3466651,outer_val
33,4,5,OHSU-3048401,outer_val
33,4,14,OHSU-6592761,outer_val
33,4,15,OHSU-3358877,outer_val
33,4,19,OHSU-1206380,outer_val
33,4,46,OHSU-3244985,outer_val
33,4,55,OHSU-1502229,outer_val
34,4,22,OHSU-1386056,fit
34,4,21,OHSU-2455205,fit
34,4,43,OHSU-3286474,fit
34,4,0,OHSU-3466651,fit
34,4,29,OHSU-1418396,fit
34,4,58,OHSU-1421489,fit
34,4,16,OHSU-3212875,fit
34,4,46,OHSU-3244985,fit
34,4,54,OHSU-2561174,fit
34,4,31,OHSU-2947936,fit
34,4,10,OHSU-1340333,fit
34,4,4,OHSU-1696588,fit
34,4,9,OHSU-2845989,fit
34,4,14,OHSU-6592761,fit
34,4,30,OHSU-2288903,fit
34,4,64,OHSU-3652932,fit
34,4,40,OHSU-2155356,fit
34,4,45,OHSU-3812101,fit
34,4,19,OHSU-1206380,fit
34,4,28,OHSU-2054310,fit
34,4,57,OHSU-4219416,fit
34,4,55,OHSU-1502229,fit
34,4,5,OHSU-3048401,fit
34,4,62,OHSU-1108916,fit
34,4,52,OHSU-1647968,fit
34,4,47,OHSU-1664335,fit
34,4,3,OHSU-3051944,fit
34,4,15,OHSU-3358877,fit
34,4,61,OHSU-7333005,fit
34,4,6,OHSU-2790141,fit
34,4,65,OHSU-4103874,fit
34,4,32,OHSU-2427434,fit
34,4,44,OHSU-2124248,fit
34,4,63,OHSU-1552181,fit
34,4,24,OHSU-2426523,fit
34,4,13,OHSU-1743472,fit
34,4,60,OHSU-3302025,fit
34,4,51,OHSU-6953386,fit
34,4,23,OHSU-1679142,fit
34,4,37,OHSU-8720244,fit
34,4,42,OHSU-2559559,fit
34,4,26,OHSU-1548937,fit
34,4,34,OHSU-2578455,fit
34,4,56,OHSU-2415970,fit
34,4,36,OHSU-4529116,fit
34,4,41,OHSU-9499804,fit
34,4,53,OHSU-5302451,fit
34,4,7,OHSU-3899622,fit
34,4,2,OHSU-1481430,fit
34,4,59,OHSU-2232376,fit
34,4,49,OHSU-2232413,inner_val
34,4,38,OHSU-3869075,inner_val
34,4,1,OHSU-2054998,inner_val
34,4,17,OHSU-2409220,inner_val
34,4,18,OHSU-3052540,inner_val
34,4,35,OHSU-1084884,inner_val
34,4,39,OHSU-3677724,inner_val
34,4,33,OHSU-1536593,inner_val
34,4,48,OHSU-1411223,inner_val
34,4,8,OHSU-8218392,outer_val
34,4,11,OHSU-3162671,outer_val
34,4,12,OHSU-4072305,outer_val
34,4,20,OHSU-2959809,outer_val
34,4,25,OHSU-3684229,outer_val
34,4,27,OHSU-4016887,outer_val
34,4,50,OHSU-8064456,outer_val
35,4,61,OHSU-7333005,fit
35,4,18,OHSU-3052540,fit
35,4,40,OHSU-2155356,fit
35,4,7,OHSU-3899622,fit
35,4,12,OHSU-4072305,fit
35,4,13,OHSU-1743472,fit
35,4,4,OHSU-1696588,fit
35,4,64,OHSU-3652932,fit
35,4,26,OHSU-1548937,fit
35,4,54,OHSU-2561174,fit
35,4,47,OHSU-1664335,fit
35,4,14,OHSU-6592761,fit
35,4,0,OHSU-3466651,fit
35,4,15,OHSU-3358877,fit
35,4,32,OHSU-2427434,fit
35,4,60,OHSU-3302025,fit
35,4,53,OHSU-5302451,fit
35,4,19,OHSU-1206380,fit
35,4,2,OHSU-1481430,fit
35,4,57,OHSU-4219416,fit
35,4,29,OHSU-1418396,fit
35,4,49,OHSU-2232413,fit
35,4,17,OHSU-2409220,fit
35,4,56,OHSU-2415970,fit
35,4,45,OHSU-3812101,fit
35,4,63,OHSU-1552181,fit
35,4,42,OHSU-2559559,fit
35,4,36,OHSU-4529116,fit
35,4,59,OHSU-2232376,fit
35,4,21,OHSU-2455205,fit
35,4,34,OHSU-2578455,fit
35,4,28,OHSU-2054310,fit
35,4,62,OHSU-1108916,fit
35,4,46,OHSU-3244985,fit
35,4,51,OHSU-6953386,fit
35,4,41,OHSU-9499804,fit
35,4,3,OHSU-3051944,fit
35,4,58,OHSU-1421489,fit
35,4,37,OHSU-8720244,fit
35,4,39,OHSU-3677724,fit
35,4,24,OHSU-2426523,fit
35,4,10,OHSU-1340333,fit
35,4,8,OHSU-8218392,fit
35,4,55,OHSU-1502229,fit
35,4,52,OHSU-1647968,fit
35,4,27,OHSU-4016887,fit
35,4,44,OHSU-2124248,fit
35,4,5,OHSU-3048401,fit
35,4,31,OHSU-2947936,fit
35,4,22,OHSU-1386056,fit
35,4,20,OHSU-2959809,inner_val
35,4,50,OHSU-8064456,inner_val
35,4,25,OHSU-3684229,inner_val
35,4,65,OHSU-4103874,inner_val
35,4,11,OHSU-3162671,inner_val
35,4,1,OHSU-2054998,inner_val
35,4,30,OHSU-2288903,inner_val
35,4,48,OHSU-1411223,inner_val
35,4,43,OHSU-3286474,inner_val
35,4,6,OHSU-2790141,outer_val
35,4,9,OHSU-2845989,outer_val
35,4,16,OHSU-3212875,outer_val
35,4,23,OHSU-1679142,outer_val
35,4,33,OHSU-1536593,outer_val
35,4,35,OHSU-1084884,outer_val
35,4,38,OHSU-3869075,outer_val
36,4,55,OHSU-1502229,fit
36,4,2,OHSU-1481430,fit
36,4,1,OHSU-2054998,fit
36,4,26,OHSU-1548937,fit
36,4,29,OHSU-1418396,fit
36,4,56,OHSU-2415970,fit
36,4,21,OHSU-2455205,fit
36,4,11,OHSU-3162671,fit
36,4,54,OHSU-2561174,fit
36,4,0,OHSU-3466651,fit
36,4,25,OHSU-3684229,fit
36,4,63,OHSU-1552181,fit
36,4,23,OHSU-1679142,fit
36,4,17,OHSU-2409220,fit
36,4,8,OHSU-8218392,fit
36,4,37,OHSU-8720244,fit
36,4,46,OHSU-3244985,fit
36,4,3,OHSU-3051944,fit
36,4,52,OHSU-1647968,fit
36,4,49,OHSU-2232413,fit
36,4,5,OHSU-3048401,fit
36,4,47,OHSU-1664335,fit
36,4,51,OHSU-6953386,fit
36,4,64,OHSU-3652932,fit
36,4,34,OHSU-2578455,fit
36,4,19,OHSU-1206380,fit
36,4,30,OHSU-2288903,fit
36,4,41,OHSU-9499804,fit
36,4,15,OHSU-3358877,fit
36,4,9,OHSU-2845989,fit
36,4,40,OHSU-2155356,fit
36,4,43,OHSU-3286474,fit
36,4,42,OHSU-2559559,fit
36,4,33,OHSU-1536593,fit
36,4,18,OHSU-3052540,fit
36,4,10,OHSU-1340333,fit
36,4,20,OHSU-2959809,fit
36,4,50,OHSU-8064456,fit
36,4,16,OHSU-3212875,fit
36,4,45,OHSU-3812101,fit
36,4,7,OHSU-3899622,fit
36,4,36,OHSU-4529116,fit
36,4,35,OHSU-1084884,fit
36,4,6,OHSU-2790141,fit
36,4,60,OHSU-3302025,fit
36,4,14,OHSU-6592761,fit
36,4,31,OHSU-2947936,fit
36,4,48,OHSU-1411223,fit
36,4,28,OHSU-2054310,fit
36,4,24,OHSU-2426523,fit
36,4,61,OHSU-7333005,inner_val
36,4,27,OHSU-4016887,inner_val
36,4,53,OHSU-5302451,inner_val
36,4,12,OHSU-4072305,inner_val
36,4,59,OHSU-2232376,inner_val
36,4,58,OHSU-1421489,inner_val
36,4,22,OHSU-1386056,inner_val
36,4,38,OHSU-3869075,inner_val
36,4,44,OHSU-2124248,inner_val
36,4,4,OHSU-1696588,outer_val
36,4,13,OHSU-1743472,outer_val
36,4,32,OHSU-2427434,outer_val
36,4,39,OHSU-3677724,outer_val
36,4,57,OHSU-4219416,outer_val
36,4,62,OHSU-1108916,outer_val
36,4,65,OHSU-4103874,outer_val
37,4,56,OHSU-2415970,fit
37,4,18,OHSU-3052540,fit
37,4,58,OHSU-1421489,fit
37,4,50,OHSU-8064456,fit
37,4,51,OHSU-6953386,fit
37,4,37,OHSU-8720244,fit
37,4,65,OHSU-4103874,fit
37,4,49,OHSU-2232413,fit
37,4,55,OHSU-1502229,fit
37,4,14,OHSU-6592761,fit
37,4,40,OHSU-2155356,fit
37,4,15,OHSU-3358877,fit
37,4,36,OHSU-4529116,fit
37,4,46,OHSU-3244985,fit
37,4,12,OHSU-4072305,fit
37,4,54,OHSU-2561174,fit
37,4,42,OHSU-2559559,fit
37,4,57,OHSU-4219416,fit
37,4,26,OHSU-1548937,fit
37,4,1,OHSU-2054998,fit
37,4,31,OHSU-2947936,fit
37,4,21,OHSU-2455205,fit
37,4,27,OHSU-4016887,fit
37,4,9,OHSU-2845989,fit
37,4,10,OHSU-1340333,fit
37,4,19,OHSU-1206380,fit
37,4,23,OHSU-1679142,fit
37,4,25,OHSU-3684229,fit
37,4,6,OHSU-2790141,fit
37,4,22,OHSU-1386056,fit
37,4,32,OHSU-2427434,fit
37,4,2,OHSU-1481430,fit
37,4,13,OHSU-1743472,fit
37,4,4,OHSU-1696588,fit
37,4,60,OHSU-3302025,fit
37,4,11,OHSU-3162671,fit
37,4,34,OHSU-2578455,fit
37,4,29,OHSU-1418396,fit
37,4,24,OHSU-2426523,fit
37,4,59,OHSU-2232376,fit
37,4,64,OHSU-3652932,fit
37,4,47,OHSU-1664335,fit
37,4,52,OHSU-1647968,fit
37,4,35,OHSU-1084884,fit
37,4,38,OHSU-3869075,fit
37,4,63,OHSU-1552181,fit
37,4,5,OHSU-3048401,fit
37,4,3,OHSU-3051944,fit
37,4,62,OHSU-1108916,fit
37,4,61,OHSU-7333005,fit
37,4,53,OHSU-5302451,fit
37,4,33,OHSU-1536593,inner_val
37,4,41,OHSU-9499804,inner_val
37,4,43,OHSU-3286474,inner_val
37,4,16,OHSU-3212875,inner_val
37,4,39,OHSU-3677724,inner_val
37,4,44,OHSU-2124248,inner_val
37,4,8,OHSU-8218392,inner_val
37,4,20,OHSU-2959809,inner_val
37,4,0,OHSU-3466651,inner_val
37,4,7,OHSU-3899622,outer_val
37,4,17,OHSU-2409220,outer_val
37,4,28,OHSU-2054310,outer_val
37,4,30,OHSU-2288903,outer_val
37,4,45,OHSU-3812101,outer_val
37,4,48,OHSU-1411223,outer_val
38,4,0,OHSU-3466651,fit
38,4,31,OHSU-2947936,fit
38,4,59,OHSU-2232376,fit
38,4,48,OHSU-1411223,fit
38,4,64,OHSU-3652932,fit
38,4,61,OHSU-7333005,fit
38,4,28,OHSU-2054310,fit
38,4,23,OHSU-1679142,fit
38,4,30,OHSU-2288903,fit
38,4,6,OHSU-2790141,fit
38,4,24,OHSU-2426523,fit
38,4,19,OHSU-1206380,fit
38,4,36,OHSU-4529116,fit
38,4,55,OHSU-1502229,fit
38,4,37,OHSU-8720244,fit
38,4,35,OHSU-1084884,fit
38,4,52,OHSU-1647968,fit
38,4,58,OHSU-1421489,fit
38,4,8,OHSU-8218392,fit
38,4,44,OHSU-2124248,fit
38,4,3,OHSU-3051944,fit
38,4,32,OHSU-2427434,fit
38,4,50,OHSU-8064456,fit
38,4,21,OHSU-2455205,fit
38,4,60,OHSU-3302025,fit
38,4,18,OHSU-3052540,fit
38,4,51,OHSU-6953386,fit
38,4,1,OHSU-2054998,fit
38,4,40,OHSU-2155356,fit
38,4,5,OHSU-3048401,fit
38,4,20,OHSU-2959809,fit
38,4,65,OHSU-4103874,fit
38,4,27,OHSU-4016887,fit
38,4,49,OHSU-2232413,fit
38,4,47,OHSU-1664335,fit
38,4,14,OHSU-6592761,fit
38,4,56,OHSU-2415970,fit
38,4,33,OHSU-1536593,fit
38,4,16,OHSU-3212875,fit
38,4,13,OHSU-1743472,fit
38,4,15,OHSU-3358877,fit
38,4,34,OHSU-2578455,fit
38,4,22,OHSU-1386056,fit
38,4,63,OHSU-1552181,fit
38,4,7,OHSU-3899622,fit
38,4,12,OHSU-4072305,fit
38,4,43,OHSU-3286474,fit
38,4,57,OHSU-4219416,fit
38,4,11,OHSU-3162671,fit
38,4,2,OHSU-1481430,fit
38,4,42,OHSU-2559559,fit
38,4,39,OHSU-3677724,inner_val
38,4,9,OHSU-2845989,inner_val
38,4,38,OHSU-3869075,inner_val
38,4,25,OHSU-3684229,inner_val
38,4,4,OHSU-1696588,inner_val
38,4,17,OHSU-2409220,inner_val
38,4,46,OHSU-3244985,inner_val
38,4,62,OHSU-1108916,inner_val
38,4,45,OHSU-3812101,inner_val
38,4,10,OHSU-1340333,outer_val
38,4,26,OHSU-1548937,outer_val
38,4,29,OHSU-1418396,outer_val
38,4,41,OHSU-9499804,outer_val
38,4,53,OHSU-5302451,outer_val
38,4,54,OHSU-2561174,outer_val
39,4,30,OHSU-2288903,fit
39,4,26,OHSU-1548937,fit
39,4,55,OHSU-1502229,fit
39,4,61,OHSU-7333005,fit
39,4,31,OHSU-2947936,fit
39,4,62,OHSU-1108916,fit
39,4,27,OHSU-4016887,fit
39,4,18,OHSU-3052540,fit
39,4,0,OHSU-3466651,fit
39,4,53,OHSU-5302451,fit
39,4,24,OHSU-2426523,fit
39,4,46,OHSU-3244985,fit
39,4,3,OHSU-3051944,fit
39,4,37,OHSU-8720244,fit
39,4,15,OHSU-3358877,fit
39,4,64,OHSU-3652932,fit
39,4,25,OHSU-3684229,fit
39,4,47,OHSU-1664335,fit
39,4,21,OHSU-2455205,fit
39,4,23,OHSU-1679142,fit
39,4,9,OHSU-2845989,fit
39,4,44,OHSU-2124248,fit
39,4,7,OHSU-3899622,fit
39,4,10,OHSU-1340333,fit
39,4,4,OHSU-1696588,fit
39,4,45,OHSU-3812101,fit
39,4,29,OHSU-1418396,fit
39,4,54,OHSU-2561174,fit
39,4,16,OHSU-3212875,fit
39,4,57,OHSU-4219416,fit
39,4,2,OHSU-1481430,fit
39,4,51,OHSU-6953386,fit
39,4,12,OHSU-4072305,fit
39,4,28,OHSU-2054310,fit
39,4,38,OHSU-3869075,fit
39,4,13,OHSU-1743472,fit
39,4,19,OHSU-1206380,fit
39,4,42,OHSU-2559559,fit
39,4,14,OHSU-6592761,fit
39,4,8,OHSU-8218392,fit
39,4,32,OHSU-2427434,fit
39,4,22,OHSU-1386056,fit
39,4,17,OHSU-2409220,fit
39,4,58,OHSU-1421489,fit
39,4,41,OHSU-9499804,fit
39,4,36,OHSU-4529116,fit
39,4,60,OHSU-3302025,fit
39,4,6,OHSU-2790141,fit
39,4,50,OHSU-8064456,fit
39,4,11,OHSU-3162671,fit
39,4,65,OHSU-4103874,fit
39,4,39,OHSU-3677724,inner_val
39,4,48,OHSU-1411223,inner_val
39,4,63,OHSU-1552181,inner_val
39,4,33,OHSU-1536593,inner_val
39,4,35,OHSU-1084884,inner_val
39,4,20,OHSU-2959809,inner_val
39,4,40,OHSU-2155356,inner_val
39,4,34,OHSU-2578455,inner_val
39,4,5,OHSU-3048401,inner_val
39,4,1,OHSU-2054998,outer_val
39,4,43,OHSU-3286474,outer_val
39,4,49,OHSU-2232413,outer_val
39,4,52,OHSU-1647968,outer_val
39,4,56,OHSU-2415970,outer_val
39,4,59,OHSU-2232376,outer_val
40,4,24,OHSU-2426523,fit
40,4,8,OHSU-8218392,fit
40,4,50,OHSU-8064456,fit
40,4,39,OHSU-3677724,fit
40,4,11,OHSU-3162671,fit
40,4,58,OHSU-1421489,fit
40,4,55,OHSU-1502229,fit
40,4,10,OHSU-1340333,fit
40,4,54,OHSU-2561174,fit
40,4,40,OHSU-2155356,fit
40,4,16,OHSU-3212875,fit
40,4,6,OHSU-2790141,fit
40,4,13,OHSU-1743472,fit
40,4,56,OHSU-2415970,fit
40,4,5,OHSU-3048401,fit
40,4,45,OHSU-3812101,fit
40,4,52,OHSU-1647968,fit
40,4,65,OHSU-4103874,fit
40,4,14,OHSU-6592761,fit
40,4,1,OHSU-2054998,fit
40,4,57,OHSU-4219416,fit
40,4,31,OHSU-2947936,fit
40,4,35,OHSU-1084884,fit
40,4,20,OHSU-2959809,fit
40,4,21,OHSU-2455205,fit
40,4,62,OHSU-1108916,fit
40,4,30,OHSU-2288903,fit
40,4,26,OHSU-1548937,fit
40,4,46,OHSU-3244985,fit
40,4,36,OHSU-4529116,fit
40,4,19,OHSU-1206380,fit
40,4,22,OHSU-1386056,fit
40,4,61,OHSU-7333005,fit
40,4,60,OHSU-3302025,fit
40,4,18,OHSU-3052540,fit
40,4,59,OHSU-2232376,fit
40,4,12,OHSU-4072305,fit
40,4,15,OHSU-3358877,fit
40,4,41,OHSU-9499804,fit
40,4,9,OHSU-2845989,fit
40,4,17,OHSU-2409220,fit
40,4,49,OHSU-2232413,fit
40,4,63,OHSU-1552181,fit
40,4,28,OHSU-2054310,fit
40,4,33,OHSU-1536593,fit
40,4,25,OHSU-3684229,fit
40,4,48,OHSU-1411223,fit
40,4,64,OHSU-3652932,fit
40,4,42,OHSU-2559559,fit
40,4,38,OHSU-3869075,fit
40,4,32,OHSU-2427434,fit
40,4,0,OHSU-3466651,inner_val
40,4,4,OHSU-1696588,inner_val
40,4,23,OHSU-1679142,inner_val
40,4,53,OHSU-5302451,inner_val
40,4,27,OHSU-4016887,inner_val
40,4,29,OHSU-1418396,inner_val
40,4,47,OHSU-1664335,inner_val
40,4,43,OHSU-3286474,inner_val
40,4,7,OHSU-3899622,inner_val
40,4,2,OHSU-1481430,outer_val
40,4,3,OHSU-3051944,outer_val
40,4,34,OHSU-2578455,outer_val
40,4,37,OHSU-8720244,outer_val
40,4,44,OHSU-2124248,outer_val
40,4,51,OHSU-6953386,outer_val
41,5,22,OHSU-1386056,fit
41,5,63,OHSU-1552181,fit
41,5,44,OHSU-2124248,fit
41,5,8,OHSU-8218392,fit
41,5,49,OHSU-2232413,fit
41,5,48,OHSU-1411223,fit
41,5,12,OHSU-4072305,fit
41,5,59,OHSU-2232376,fit
41,5,41,OHSU-9499804,fit
41,5,43,OHSU-3286474,fit
41,5,39,OHSU-3677724,fit
41,5,55,OHSU-1502229,fit
41,5,21,OHSU-2455205,fit
41,5,26,OHSU-1548937,fit
41,5,18,OHSU-3052540,fit
41,5,17,OHSU-2409220,fit
41,5,10,OHSU-1340333,fit
41,5,33,OHSU-1536593,fit
41,5,19,OHSU-1206380,fit
41,5,61,OHSU-7333005,fit
41,5,13,OHSU-1743472,fit
41,5,1,OHSU-2054998,fit
41,5,32,OHSU-2427434,fit
41,5,56,OHSU-2415970,fit
41,5,7,OHSU-3899622,fit
41,5,62,OHSU-1108916,fit
41,5,42,OHSU-2559559,fit
41,5,11,OHSU-3162671,fit
41,5,9,OHSU-2845989,fit
41,5,57,OHSU-4219416,fit
41,5,60,OHSU-3302025,fit
41,5,2,OHSU-1481430,fit
41,5,0,OHSU-3466651,fit
41,5,15,OHSU-3358877,fit
41,5,35,OHSU-1084884,fit
41,5,14,OHSU-6592761,fit
41,5,29,OHSU-1418396,fit
41,5,16,OHSU-3212875,fit
41,5,5,OHSU-3048401,fit
41,5,30,OHSU-2288903,fit
41,5,50,OHSU-8064456,fit
41,5,20,OHSU-2959809,fit
41,5,34,OHSU-2578455,fit
41,5,58,OHSU-1421489,fit
41,5,31,OHSU-2947936,fit
41,5,36,OHSU-4529116,fit
41,5,24,OHSU-2426523,fit
41,5,46,OHSU-3244985,fit
41,5,64,OHSU-3652932,fit
41,5,27,OHSU-4016887,fit
41,5,6,OHSU-2790141,inner_val
41,5,23,OHSU-1679142,inner_val
41,5,4,OHSU-1696588,inner_val
41,5,65,OHSU-4103874,inner_val
41,5,54,OHSU-2561174,inner_val
41,5,28,OHSU-2054310,inner_val
41,5,52,OHSU-1647968,inner_val
41,5,3,OHSU-3051944,inner_val
41,5,37,OHSU-8720244,inner_val
41,5,25,OHSU-3684229,outer_val
41,5,38,OHSU-3869075,outer_val
41,5,40,OHSU-2155356,outer_val
41,5,45,OHSU-3812101,outer_val
41,5,47,OHSU-1664335,outer_val
41,5,51,OHSU-6953386,outer_val
41,5,53,OHSU-5302451,outer_val
42,5,2,OHSU-1481430,fit
42,5,24,OHSU-2426523,fit
42,5,52,OHSU-1647968,fit
42,5,53,OHSU-5302451,fit
42,5,58,OHSU-1421489,fit
42,5,54,OHSU-2561174,fit
42,5,22,OHSU-1386056,fit
42,5,50,OHSU-8064456,fit
42,5,8,OHSU-8218392,fit
42,5,20,OHSU-2959809,fit
42,5,56,OHSU-2415970,fit
42,5,11,OHSU-3162671,fit
42,5,62,OHSU-1108916,fit
42,5,51,OHSU-6953386,fit
42,5,23,OHSU-1679142,fit
42,5,34,OHSU-2578455,fit
42,5,10,OHSU-1340333,fit
42,5,26,OHSU-1548937,fit
42,5,13,OHSU-1743472,fit
42,5,60,OHSU-3302025,fit
42,5,63,OHSU-1552181,fit
42,5,6,OHSU-2790141,fit
42,5,64,OHSU-3652932,fit
42,5,36,OHSU-4529116,fit
42,5,55,OHSU-1502229,fit
42,5,37,OHSU-8720244,fit
42,5,65,OHSU-4103874,fit
42,5,19,OHSU-1206380,fit
42,5,27,OHSU-4016887,fit
42,5,45,OHSU-3812101,fit
42,5,61,OHSU-7333005,fit
42,5,48,OHSU-1411223,fit
42,5,35,OHSU-1084884,fit
42,5,3,OHSU-3051944,fit
42,5,33,OHSU-1536593,fit
42,5,7,OHSU-3899622,fit
42,5,28,OHSU-2054310,fit
42,5,4,OHSU-1696588,fit
42,5,12,OHSU-4072305,fit
42,5,49,OHSU-2232413,fit
42,5,32,OHSU-2427434,fit
42,5,25,OHSU-3684229,fit
42,5,40,OHSU-2155356,fit
42,5,41,OHSU-9499804,fit
42,5,0,OHSU-3466651,fit
42,5,39,OHSU-3677724,fit
42,5,47,OHSU-1664335,fit
42,5,44,OHSU-2124248,fit
42,5,57,OHSU-4219416,fit
42,5,59,OHSU-2232376,fit
42,5,38,OHSU-3869075,inner_val
42,5,46,OHSU-3244985,inner_val
42,5,9,OHSU-2845989,inner_val
42,5,21,OHSU-2455205,inner_val
42,5,1,OHSU-2054998,inner_val
42,5,43,OHSU-3286474,inner_val
42,5,30,OHSU-2288903,inner_val
42,5,17,OHSU-2409220,inner_val
42,5,14,OHSU-6592761,inner_val
42,5,5,OHSU-3048401,outer_val
42,5,15,OHSU-3358877,outer_val
42,5,16,OHSU-3212875,outer_val
42,5,18,OHSU-3052540,outer_val
42,5,29,OHSU-1418396,outer_val
42,5,31,OHSU-2947936,outer_val
42,5,42,OHSU-2559559,outer_val
43,5,23,OHSU-1679142,fit
43,5,46,OHSU-3244985,fit
43,5,38,OHSU-3869075,fit
43,5,9,OHSU-2845989,fit
43,5,19,OHSU-1206380,fit
43,5,35,OHSU-1084884,fit
43,5,17,OHSU-2409220,fit
43,5,55,OHSU-1502229,fit
43,5,62,OHSU-1108916,fit
43,5,2,OHSU-1481430,fit
43,5,10,OHSU-1340333,fit
43,5,4,OHSU-1696588,fit
43,5,53,OHSU-5302451,fit
43,5,7,OHSU-3899622,fit
43,5,13,OHSU-1743472,fit
43,5,3,OHSU-3051944,fit
43,5,16,OHSU-3212875,fit
43,5,5,OHSU-3048401,fit
43,5,18,OHSU-3052540,fit
43,5,40,OHSU-2155356,fit
43,5,61,OHSU-7333005,fit
43,5,6,OHSU-2790141,fit
43,5,44,OHSU-2124248,fit
43,5,8,OHSU-8218392,fit
43,5,59,OHSU-2232376,fit
43,5,21,OHSU-2455205,fit
43,5,32,OHSU-2427434,fit
43,5,47,OHSU-1664335,fit
43,5,37,OHSU-8720244,fit
43,5,63,OHSU-1552181,fit
43,5,33,OHSU-1536593,fit
43,5,58,OHSU-1421489,fit
43,5,26,OHSU-1548937,fit
43,5,14,OHSU-6592761,fit
43,5,51,OHSU-6953386,fit
43,5,54,OHSU-2561174,fit
43,5,0,OHSU-3466651,fit
43,5,57,OHSU-4219416,fit
43,5,43,OHSU-3286474,fit
43,5,24,OHSU-2426523,fit
43,5,56,OHSU-2415970,fit
43,5,52,OHSU-1647968,fit
43,5,45,OHSU-3812101,fit
43,5,65,OHSU-4103874,fit
43,5,48,OHSU-1411223,fit
43,5,15,OHSU-3358877,fit
43,5,50,OHSU-8064456,fit
43,5,36,OHSU-4529116,fit
43,5,34,OHSU-2578455,fit
43,5,27,OHSU-4016887,fit
43,5,39,OHSU-3677724,inner_val
43,5,60,OHSU-3302025,inner_val
43,5,42,OHSU-2559559,inner_val
43,5,29,OHSU-1418396,inner_val
43,5,49,OHSU-2232413,inner_val
43,5,64,OHSU-3652932,inner_val
43,5,25,OHSU-3684229,inner_val
43,5,31,OHSU-2947936,inner_val
43,5,1,OHSU-2054998,inner_val
43,5,11,OHSU-3162671,outer_val
43,5,12,OHSU-4072305,outer_val
43,5,20,OHSU-2959809,outer_val
43,5,22,OHSU-1386056,outer_val
43,5,28,OHSU-2054310,outer_val
43,5,30,OHSU-2288903,outer_val
43,5,41,OHSU-9499804,outer_val
44,5,62,OHSU-1108916,fit
44,5,29,OHSU-1418396,fit
44,5,13,OHSU-1743472,fit
44,5,25,OHSU-3684229,fit
44,5,8,OHSU-8218392,fit
44,5,63,OHSU-1552181,fit
44,5,35,OHSU-1084884,fit
44,5,2,OHSU-1481430,fit
44,5,59,OHSU-2232376,fit
44,5,16,OHSU-3212875,fit
44,5,28,OHSU-2054310,fit
44,5,12,OHSU-4072305,fit
44,5,41,OHSU-9499804,fit
44,5,48,OHSU-1411223,fit
44,5,6,OHSU-2790141,fit
44,5,11,OHSU-3162671,fit
44,5,38,OHSU-3869075,fit
44,5,3,OHSU-3051944,fit
44,5,39,OHSU-3677724,fit
44,5,9,OHSU-2845989,fit
44,5,58,OHSU-1421489,fit
44,5,57,OHSU-4219416,fit
44,5,61,OHSU-7333005,fit
44,5,24,OHSU-2426523,fit
44,5,0,OHSU-3466651,fit
44,5,46,OHSU-3244985,fit
44,5,40,OHSU-2155356,fit
44,5,34,OHSU-2578455,fit
44,5,31,OHSU-2947936,fit
44,5,37,OHSU-8720244,fit
44,5,45,OHSU-3812101,fit
44,5,47,OHSU-1664335,fit
44,5,52,OHSU-1647968,fit
44,5,21,OHSU-2455205,fit
44,5,56,OHSU-2415970,fit
44,5,64,OHSU-3652932,fit
44,5,18,OHSU-3052540,fit
44,5,15,OHSU-3358877,fit
44,5,1,OHSU-2054998,fit
44,5,54,OHSU-2561174,fit
44,5,20,OHSU-2959809,fit
44,5,51,OHSU-6953386,fit
44,5,14,OHSU-6592761,fit
44,5,55,OHSU-1502229,fit
44,5,5,OHSU-3048401,fit
44,5,27,OHSU-4016887,fit
44,5,32,OHSU-2427434,fit
44,5,22,OHSU-1386056,fit
44,5,49,OHSU-2232413,fit
44,5,17,OHSU-2409220,fit
44,5,36,OHSU-4529116,inner_val
44,5,26,OHSU-1548937,inner_val
44,5,10,OHSU-1340333,inner_val
44,5,53,OHSU-5302451,inner_val
44,5,65,OHSU-4103874,inner_val
44,5,42,OHSU-2559559,inner_val
44,5,30,OHSU-2288903,inner_val
44,5,7,OHSU-3899622,inner_val
44,5,60,OHSU-3302025,inner_val
44,5,4,OHSU-1696588,outer_val
44,5,19,OHSU-1206380,outer_val
44,5,23,OHSU-1679142,outer_val
44,5,33,OHSU-1536593,outer_val
44,5,43,OHSU-3286474,outer_val
44,5,44,OHSU-2124248,outer_val
44,5,50,OHSU-8064456,outer_val
45,5,65,OHSU-4103874,fit
45,5,43,OHSU-3286474,fit
45,5,37,OHSU-8720244,fit
45,5,47,OHSU-1664335,fit
45,5,7,OHSU-3899622,fit
45,5,46,OHSU-3244985,fit
45,5,48,OHSU-1411223,fit
45,5,22,OHSU-1386056,fit
45,5,64,OHSU-3652932,fit
45,5,55,OHSU-1502229,fit
45,5,42,OHSU-2559559,fit
45,5,3,OHSU-3051944,fit
45,5,56,OHSU-2415970,fit
45,5,51,OHSU-6953386,fit
45,5,2,OHSU-1481430,fit
45,5,49,OHSU-2232413,fit
45,5,20,OHSU-2959809,fit
45,5,29,OHSU-1418396,fit
45,5,16,OHSU-3212875,fit
45,5,36,OHSU-4529116,fit
45,5,41,OHSU-9499804,fit
45,5,63,OHSU-1552181,fit
45,5,25,OHSU-3684229,fit
45,5,31,OHSU-2947936,fit
45,5,54,OHSU-2561174,fit
45,5,0,OHSU-3466651,fit
45,5,26,OHSU-1548937,fit
45,5,53,OHSU-5302451,fit
45,5,30,OHSU-2288903,fit
45,5,32,OHSU-2427434,fit
45,5,35,OHSU-1084884,fit
45,5,28,OHSU-2054310,fit
45,5,5,OHSU-3048401,fit
45,5,11,OHSU-3162671,fit
45,5,19,OHSU-1206380,fit
45,5,58,OHSU-1421489,fit
45,5,44,OHSU-2124248,fit
45,5,8,OHSU-8218392,fit
45,5,1,OHSU-2054998,fit
45,5,18,OHSU-3052540,fit
45,5,57,OHSU-4219416,fit
45,5,45,OHSU-3812101,fit
45,5,10,OHSU-1340333,fit
45,5,33,OHSU-1536593,fit
45,5,34,OHSU-2578455,fit
45,5,61,OHSU-7333005,fit
45,5,40,OHSU-2155356,fit
45,5,23,OHSU-1679142,fit
45,5,12,OHSU-4072305,fit
45,5,13,OHSU-1743472,fit
45,5,50,OHSU-8064456,inner_val
45,5,39,OHSU-3677724,inner_val
45,5,15,OHSU-3358877,inner_val
45,5,4,OHSU-1696588,inner_val
45,5,6,OHSU-2790141,inner_val
45,5,59,OHSU-2232376,inner_val
45,5,24,OHSU-2426523,inner_val
45,5,38,OHSU-3869075,inner_val
45,5,62,OHSU-1108916,inner_val
45,5,9,OHSU-2845989,outer_val
45,5,14,OHSU-6592761,outer_val
45,5,17,OHSU-2409220,outer_val
45,5,21,OHSU-2455205,outer_val
45,5,27,OHSU-4016887,outer_val
45,5,52,OHSU-1647968,outer_val
45,5,60,OHSU-3302025,outer_val
46,5,30,OHSU-2288903,fit
46,5,59,OHSU-2232376,fit
46,5,20,OHSU-2959809,fit
46,5,42,OHSU-2559559,fit
46,5,14,OHSU-6592761,fit
46,5,10,OHSU-1340333,fit
46,5,44,OHSU-2124248,fit
46,5,34,OHSU-2578455,fit
46,5,53,OHSU-5302451,fit
46,5,7,OHSU-3899622,fit
46,5,38,OHSU-3869075,fit
46,5,55,OHSU-1502229,fit
46,5,13,OHSU-1743472,fit
46,5,47,OHSU-1664335,fit
46,5,57,OHSU-4219416,fit
46,5,12,OHSU-4072305,fit
46,5,9,OHSU-2845989,fit
46,5,27,OHSU-4016887,fit
46,5,16,OHSU-3212875,fit
46,5,65,OHSU-4103874,fit
46,5,49,OHSU-2232413,fit
46,5,45,OHSU-3812101,fit
46,5,48,OHSU-1411223,fit
46,5,51,OHSU-6953386,fit
46,5,15,OHSU-3358877,fit
46,5,40,OHSU-2155356,fit
46,5,50,OHSU-8064456,fit
46,5,3,OHSU-3051944,fit
46,5,0,OHSU-3466651,fit
46,5,56,OHSU-2415970,fit
46,5,60,OHSU-3302025,fit
46,5,17,OHSU-2409220,fit
46,5,37,OHSU-8720244,fit
46,5,18,OHSU-3052540,fit
46,5,28,OHSU-2054310,fit
46,5,5,OHSU-3048401,fit
46,5,1,OHSU-2054998,fit
46,5,2,OHSU-1481430,fit
46,5,43,OHSU-3286474,fit
46,5,32,OHSU-2427434,fit
46,5,6,OHSU-2790141,fit
46,5,61,OHSU-7333005,fit
46,5,41,OHSU-9499804,fit
46,5,26,OHSU-1548937,fit
46,5,62,OHSU-1108916,fit
46,5,63,OHSU-1552181,fit
46,5,31,OHSU-2947936,fit
46,5,22,OHSU-1386056,fit
46,5,11,OHSU-3162671,fit
46,5,4,OHSU-1696588,fit
46,5,23,OHSU-1679142,inner_val
46,5,58,OHSU-1421489,inner_val
46,5,21,OHSU-2455205,inner_val
46,5,33,OHSU-1536593,inner_val
46,5,52,OHSU-1647968,inner_val
46,5,8,OHSU-8218392,inner_val
46,5,25,OHSU-3684229,inner_val
46,5,19,OHSU-1206380,inner_val
46,5,29,OHSU-1418396,inner_val
46,5,24,OHSU-2426523,outer_val
46,5,35,OHSU-1084884,outer_val
46,5,36,OHSU-4529116,outer_val
46,5,39,OHSU-3677724,outer_val
46,5,46,OHSU-3244985,outer_val
46,5,54,OHSU-2561174,outer_val
46,5,64,OHSU-3652932,outer_val
47,5,48,OHSU-1411223,fit
47,5,33,OHSU-1536593,fit
47,5,53,OHSU-5302451,fit
47,5,6,OHSU-2790141,fit
47,5,46,OHSU-3244985,fit
47,5,50,OHSU-8064456,fit
47,5,16,OHSU-3212875,fit
47,5,0,OHSU-3466651,fit
47,5,49,OHSU-2232413,fit
47,5,52,OHSU-1647968,fit
47,5,1,OHSU-2054998,fit
47,5,38,OHSU-3869075,fit
47,5,64,OHSU-3652932,fit
47,5,15,OHSU-3358877,fit
47,5,25,OHSU-3684229,fit
47,5,18,OHSU-3052540,fit
47,5,41,OHSU-9499804,fit
47,5,20,OHSU-2959809,fit
47,5,22,OHSU-1386056,fit
47,5,23,OHSU-1679142,fit
47,5,47,OHSU-1664335,fit
47,5,19,OHSU-1206380,fit
47,5,4,OHSU-1696588,fit
47,5,40,OHSU-2155356,fit
47,5,54,OHSU-2561174,fit
47,5,51,OHSU-6953386,fit
47,5,63,OHSU-1552181,fit
47,5,30,OHSU-2288903,fit
47,5,31,OHSU-2947936,fit
47,5,14,OHSU-6592761,fit
47,5,57,OHSU-4219416,fit
47,5,62,OHSU-1108916,fit
47,5,11,OHSU-3162671,fit
47,5,60,OHSU-3302025,fit
47,5,43,OHSU-3286474,fit
47,5,5,OHSU-3048401,fit
47,5,39,OHSU-3677724,fit
47,5,44,OHSU-2124248,fit
47,5,7,OHSU-3899622,fit
47,5,27,OHSU-4016887,fit
47,5,21,OHSU-2455205,fit
47,5,65,OHSU-4103874,fit
47,5,24,OHSU-2426523,fit
47,5,2,OHSU-1481430,fit
47,5,35,OHSU-1084884,fit
47,5,8,OHSU-8218392,fit
47,5,55,OHSU-1502229,fit
47,5,3,OHSU-3051944,fit
47,5,36,OHSU-4529116,fit
47,5,9,OHSU-2845989,fit
47,5,12,OHSU-4072305,fit
47,5,29,OHSU-1418396,inner_val
47,5,59,OHSU-2232376,inner_val
47,5,61,OHSU-7333005,inner_val
47,5,28,OHSU-2054310,inner_val
47,5,42,OHSU-2559559,inner_val
47,5,34,OHSU-2578455,inner_val
47,5,17,OHSU-2409220,inner_val
47,5,37,OHSU-8720244,inner_val
47,5,45,OHSU-3812101,inner_val
47,5,10,OHSU-1340333,outer_val
47,5,13,OHSU-1743472,outer_val
47,5,26,OHSU-1548937,outer_val
47,5,32,OHSU-2427434,outer_val
47,5,56,OHSU-2415970,outer_val
47,5,58,OHSU-1421489,outer_val
48,5,48,OHSU-1411223,fit
48,5,13,OHSU-1743472,fit
48,5,4,OHSU-1696588,fit
48,5,46,OHSU-3244985,fit
48,5,65,OHSU-4103874,fit
48,5,52,OHSU-1647968,fit
48,5,5,OHSU-3048401,fit
48,5,32,OHSU-2427434,fit
48,5,22,OHSU-1386056,fit
48,5,20,OHSU-2959809,fit
48,5,49,OHSU-2232413,fit
48,5,58,OHSU-1421489,fit
48,5,53,OHSU-5302451,fit
48,5,54,OHSU-2561174,fit
48,5,35,OHSU-1084884,fit
48,5,24,OHSU-2426523,fit
48,5,56,OHSU-2415970,fit
48,5,14,OHSU-6592761,fit
48,5,59,OHSU-2232376,fit
48,5,12,OHSU-4072305,fit
48,5,1,OHSU-2054998,fit
48,5,45,OHSU-3812101,fit
48,5,16,OHSU-3212875,fit
48,5,28,OHSU-2054310,fit
48,5,44,OHSU-2124248,fit
48,5,3,OHSU-3051944,fit
48,5,50,OHSU-8064456,fit
48,5,60,OHSU-3302025,fit
48,5,51,OHSU-6953386,fit
48,5,25,OHSU-3684229,fit
48,5,38,OHSU-3869075,fit
48,5,29,OHSU-1418396,fit
48,5,9,OHSU-2845989,fit
48,5,23,OHSU-1679142,fit
48,5,31,OHSU-2947936,fit
48,5,18,OHSU-3052540,fit
48,5,21,OHSU-2455205,fit
48,5,17,OHSU-2409220,fit
48,5,33,OHSU-1536593,fit
48,5,19,OHSU-1206380,fit
48,5,43,OHSU-3286474,fit
48,5,64,OHSU-3652932,fit
48,5,47,OHSU-1664335,fit
48,5,15,OHSU-3358877,fit
48,5,34,OHSU-2578455,fit
48,5,11,OHSU-3162671,fit
48,5,30,OHSU-2288903,fit
48,5,62,OHSU-1108916,fit
48,5,40,OHSU-2155356,fit
48,5,61,OHSU-7333005,fit
48,5,27,OHSU-4016887,fit
48,5,63,OHSU-1552181,inner_val
48,5,7,OHSU-3899622,inner_val
48,5,42,OHSU-2559559,inner_val
48,5,57,OHSU-4219416,inner_val
48,5,39,OHSU-3677724,inner_val
48,5,26,OHSU-1548937,inner_val
48,5,10,OHSU-1340333,inner_val
48,5,36,OHSU-4529116,inner_val
48,5,41,OHSU-9499804,inner_val
48,5,0,OHSU-3466651,outer_val
48,5,2,OHSU-1481430,outer_val
48,5,6,OHSU-2790141,outer_val
48,5,8,OHSU-8218392,outer_val
48,5,37,OHSU-8720244,outer_val
48,5,55,OHSU-1502229,outer_val
49,5,45,OHSU-3812101,fit
49,5,12,OHSU-4072305,fit
49,5,6,OHSU-2790141,fit
49,5,58,OHSU-1421489,fit
49,5,18,OHSU-3052540,fit
49,5,26,OHSU-1548937,fit
49,5,42,OHSU-2559559,fit
49,5,28,OHSU-2054310,fit
49,5,22,OHSU-1386056,fit
49,5,55,OHSU-1502229,fit
49,5,31,OHSU-2947936,fit
49,5,13,OHSU-1743472,fit
49,5,21,OHSU-2455205,fit
49,5,41,OHSU-9499804,fit
49,5,54,OHSU-2561174,fit
49,5,8,OHSU-8218392,fit
49,5,15,OHSU-3358877,fit
49,5,59,OHSU-2232376,fit
49,5,27,OHSU-4016887,fit
49,5,38,OHSU-3869075,fit
49,5,11,OHSU-3162671,fit
49,5,65,OHSU-4103874,fit
49,5,51,OHSU-6953386,fit
49,5,14,OHSU-6592761,fit
49,5,17,OHSU-2409220,fit
49,5,40,OHSU-2155356,fit
49,5,0,OHSU-3466651,fit
49,5,23,OHSU-1679142,fit
49,5,9,OHSU-2845989,fit
49,5,29,OHSU-1418396,fit
49,5,24,OHSU-2426523,fit
49,5,62,OHSU-1108916,fit
49,5,37,OHSU-8720244,fit
49,5,20,OHSU-2959809,fit
49,5,39,OHSU-3677724,fit
49,5,50,OHSU-8064456,fit
49,5,4,OHSU-1696588,fit
49,5,32,OHSU-2427434,fit
49,5,46,OHSU-3244985,fit
49,5,1,OHSU-2054998,fit
49,5,48,OHSU-1411223,fit
49,5,10,OHSU-1340333,fit
49,5,2,OHSU-1481430,fit
49,5,53,OHSU-5302451,fit
49,5,60,OHSU-3302025,fit
49,5,43,OHSU-3286474,fit
49,5,35,OHSU-1084884,fit
49,5,30,OHSU-2288903,fit
49,5,33,OHSU-1536593,fit
49,5,44,OHSU-2124248,fit
49,5,47,OHSU-1664335,fit
49,5,5,OHSU-3048401,inner_val
49,5,25,OHSU-3684229,inner_val
49,5,57,OHSU-4219416,inner_val
49,5,56,OHSU-2415970,inner_val
49,5,16,OHSU-3212875,inner_val
49,5,52,OHSU-1647968,inner_val
49,5,19,OHSU-1206380,inner_val
49,5,64,OHSU-3652932,inner_val
49,5,36,OHSU-4529116,inner_val
49,5,3,OHSU-3051944,outer_val
49,5,7,OHSU-3899622,outer_val
49,5,34,OHSU-2578455,outer_val
49,5,49,OHSU-2232413,outer_val
49,5,61,OHSU-7333005,outer_val
49,5,63,OHSU-1552181,outer_val
50,5,39,OHSU-3677724,fit
50,5,3,OHSU-3051944,fit
50,5,13,OHSU-1743472,fit
50,5,31,OHSU-2947936,fit
50,5,38,OHSU-3869075,fit
50,5,12,OHSU-4072305,fit
50,5,60,OHSU-3302025,fit
50,5,64,OHSU-3652932,fit
50,5,30,OHSU-2288903,fit
50,5,22,OHSU-1386056,fit
50,5,63,OHSU-1552181,fit
50,5,32,OHSU-2427434,fit
50,5,53,OHSU-5302451,fit
50,5,7,OHSU-3899622,fit
50,5,47,OHSU-1664335,fit
50,5,55,OHSU-1502229,fit
50,5,51,OHSU-6953386,fit
50,5,21,OHSU-2455205,fit
50,5,11,OHSU-3162671,fit
50,5,27,OHSU-4016887,fit
50,5,16,OHSU-3212875,fit
50,5,44,OHSU-2124248,fit
50,5,24,OHSU-2426523,fit
50,5,33,OHSU-1536593,fit
50,5,18,OHSU-3052540,fit
50,5,29,OHSU-1418396,fit
50,5,40,OHSU-2155356,fit
50,5,17,OHSU-2409220,fit
50,5,4,OHSU-1696588,fit
50,5,19,OHSU-1206380,fit
50,5,0,OHSU-3466651,fit
50,5,20,OHSU-2959809,fit
50,5,45,OHSU-3812101,fit
50,5,35,OHSU-1084884,fit
50,5,41,OHSU-9499804,fit
50,5,14,OHSU-6592761,fit
50,5,49,OHSU-2232413,fit
50,5,10,OHSU-1340333,fit
50,5,43,OHSU-3286474,fit
50,5,8,OHSU-8218392,fit
50,5,25,OHSU-3684229,fit
50,5,2,OHSU-1481430,fit
50,5,6,OHSU-2790141,fit
50,5,23,OHSU-1679142,fit
50,5,46,OHSU-3244985,fit
50,5,5,OHSU-3048401,fit
50,5,52,OHSU-1647968,fit
50,5,42,OHSU-2559559,fit
50,5,56,OHSU-2415970,fit
50,5,61,OHSU-7333005,fit
50,5,15,OHSU-3358877,fit
50,5,34,OHSU-2578455,inner_val
50,5,36,OHSU-4529116,inner_val
50,5,54,OHSU-2561174,inner_val
50,5,58,OHSU-1421489,inner_val
50,5,26,OHSU-1548937,inner_val
50,5,50,OHSU-8064456,inner_val
50,5,28,OHSU-2054310,inner_val
50,5,9,OHSU-2845989,inner_val
50,5,37,OHSU-8720244,inner_val
50,5,1,OHSU-2054998,outer_val
50,5,48,OHSU-1411223,outer_val
50,5,57,OHSU-4219416,outer_val
50,5,59,OHSU-2232376,outer_val
50,5,62,OHSU-1108916,outer_val
50,5,65,OHSU-4103874,outer_val
