held_out_site,roi_set,model,model_seed,run_id,loss,accuracy,balanced_accuracy,precision,recall,specificity,f1,f1_macro,auc,true_positives,true_negatives,false_positives,false_negatives
NYU,116,brainnetcnn,42.0,loso_static_v1_holdout-NYU_roi-116_brainnetcnn_seed-42_ffcb20e1,0.7040210415354464,0.559322033898305,0.5614942528735632,0.5909090909090909,0.4333333333333333,0.6896551724137931,0.5,0.553030303030303,0.5701149425287356,39.0,60.0,27.0,51.0
NYU,116,brainnetcnn,43.0,loso_static_v1_holdout-NYU_roi-116_brainnetcnn_seed-43_ae4d0ccb,0.8210178131378876,0.576271186440678,0.5766283524904214,0.5882352941176471,0.5555555555555556,0.5977011494252874,0.5714285714285714,0.5762170790103751,0.567816091954023,50.0,52.0,35.0,40.0
NYU,116,brainnetcnn,44.0,loso_static_v1_holdout-NYU_roi-116_brainnetcnn_seed-44_c45c1bf5,0.8270913942688095,0.5141242937853108,0.5189655172413793,0.5526315789473685,0.2333333333333333,0.8045977011494253,0.328125,0.4737970132743362,0.5634738186462324,21.0,70.0,17.0,69.0
NYU,116,brainnetcnn,45.0,loso_static_v1_holdout-NYU_roi-116_brainnetcnn_seed-45_a149bc34,0.7489407967183962,0.5254237288135594,0.5258620689655172,0.5357142857142857,0.5,0.5517241379310345,0.5172413793103449,0.5252873563218391,0.5219667943805876,45.0,48.0,39.0,45.0
NYU,116,brainnetcnn,46.0,loso_static_v1_holdout-NYU_roi-116_brainnetcnn_seed-46_cce028a4,0.9006173143342889,0.519774011299435,0.525095785440613,0.5757575757575758,0.2111111111111111,0.8390804597701149,0.3089430894308943,0.4704888607327632,0.5037037037037038,19.0,73.0,14.0,71.0
NYU,116,logreg,,loso_static_v1_holdout-NYU_roi-116_logreg_seed-deterministic_20f4ca6d,1.6788300210299636,0.5480225988700564,0.5503831417624521,0.578125,0.4111111111111111,0.6896551724137931,0.4805194805194805,0.5402597402597402,0.5565772669220944,37.0,60.0,27.0,53.0
NYU,12,brainnetcnn,42.0,loso_static_v1_holdout-NYU_roi-12_brainnetcnn_seed-42_3e255d4b,0.7045375295765272,0.4858757062146893,0.4942528735632184,0.0,0.0,0.9885057471264368,0.0,0.3269961977186312,0.5466155810983397,0.0,86.0,1.0,90.0
NYU,12,brainnetcnn,43.0,loso_static_v1_holdout-NYU_roi-12_brainnetcnn_seed-43_09a85c15,0.6832169520170364,0.5310734463276836,0.5386973180076629,0.8888888888888888,0.0888888888888888,0.9885057471264368,0.1616161616161616,0.4180629827688651,0.6490421455938697,8.0,86.0,1.0,82.0
NYU,12,brainnetcnn,44.0,loso_static_v1_holdout-NYU_roi-12_brainnetcnn_seed-44_7537a829,0.7000685392507888,0.4858757062146893,0.4942528735632184,0.0,0.0,0.9885057471264368,0.0,0.3269961977186312,0.5355044699872287,0.0,86.0,1.0,90.0
NYU,12,brainnetcnn,45.0,loso_static_v1_holdout-NYU_roi-12_brainnetcnn_seed-45_2b3f1b3c,0.6848730806810979,0.5423728813559322,0.5398467432950191,0.5391304347826087,0.6888888888888889,0.3908045977011494,0.6048780487804878,0.5306269438533311,0.5662835249042146,62.0,34.0,53.0,28.0
NYU,12,brainnetcnn,46.0,loso_static_v1_holdout-NYU_roi-12_brainnetcnn_seed-46_2cd7f5d8,0.6922911828903356,0.5028248587570622,0.5109195402298851,0.75,0.0333333333333333,0.9885057471264368,0.0638297872340425,0.362684124386252,0.5809706257982119,3.0,86.0,1.0,87.0
NYU,12,logreg,,loso_static_v1_holdout-NYU_roi-12_logreg_seed-deterministic_afe9d796,0.8945817611840223,0.5480225988700564,0.5473180076628352,0.5520833333333334,0.5888888888888889,0.5057471264367817,0.5698924731182796,0.5468509984639017,0.5600255427841634,53.0,44.0,43.0,37.0
NeuroIMAGE,116,brainnetcnn,42.0,loso_static_v1_holdout-NeuroIMAGE_roi-116_brainnetcnn_seed-42_cf109664,1.0458596092882024,0.4102564102564102,0.3703208556149732,0.125,0.0588235294117647,0.6818181818181818,0.08,0.3230188679245283,0.2914438502673797,1.0,15.0,7.0,16.0
NeuroIMAGE,116,brainnetcnn,43.0,loso_static_v1_holdout-NeuroIMAGE_roi-116_brainnetcnn_seed-43_121642f8,0.6909548114564098,0.5897435897435898,0.5628342245989305,0.5454545454545454,0.3529411764705882,0.7727272727272727,0.4285714285714285,0.5542857142857143,0.6443850267379679,6.0,17.0,5.0,11.0
NeuroIMAGE,116,brainnetcnn,44.0,loso_static_v1_holdout-NeuroIMAGE_roi-116_brainnetcnn_seed-44_23a43ce4,0.7699299561993751,0.5384615384615384,0.5106951871657754,0.4545454545454545,0.2941176470588235,0.7272727272727273,0.3571428571428571,0.4985714285714285,0.5561497326203209,5.0,16.0,6.0,12.0
NeuroIMAGE,116,brainnetcnn,45.0,loso_static_v1_holdout-NeuroIMAGE_roi-116_brainnetcnn_seed-45_239b8d7a,0.7931269519252634,0.5897435897435898,0.5561497326203209,0.5555555555555556,0.2941176470588235,0.8181818181818182,0.3846153846153846,0.5384615384615384,0.5,5.0,18.0,4.0,12.0
NeuroIMAGE,116,brainnetcnn,46.0,loso_static_v1_holdout-NeuroIMAGE_roi-116_brainnetcnn_seed-46_f529bebd,0.789022760753023,0.5641025641025641,0.5401069518716578,0.5,0.3529411764705882,0.7272727272727273,0.4137931034482758,0.5334271639690359,0.5106951871657754,6.0,16.0,6.0,11.0
NeuroIMAGE,116,logreg,,loso_static_v1_holdout-NeuroIMAGE_roi-116_logreg_seed-deterministic_452b5808,1.3330047279263062,0.4871794871794871,0.4786096256684491,0.4117647058823529,0.4117647058823529,0.5454545454545454,0.4117647058823529,0.4786096256684491,0.5721925133689839,7.0,12.0,10.0,10.0
NeuroIMAGE,12,brainnetcnn,42.0,loso_static_v1_holdout-NeuroIMAGE_roi-12_brainnetcnn_seed-42_95806bf5,0.6775194921779271,0.5641025641025641,0.5,0.0,0.0,1.0,0.0,0.360655737704918,0.6443850267379679,0.0,22.0,0.0,17.0
NeuroIMAGE,12,brainnetcnn,43.0,loso_static_v1_holdout-NeuroIMAGE_roi-12_brainnetcnn_seed-43_668e4760,0.6856764627031817,0.5128205128205128,0.5080213903743316,0.4444444444444444,0.4705882352941176,0.5454545454545454,0.4571428571428571,0.507641196013289,0.6122994652406417,8.0,12.0,10.0,9.0
NeuroIMAGE,12,brainnetcnn,44.0,loso_static_v1_holdout-NeuroIMAGE_roi-12_brainnetcnn_seed-44_86ea1788,0.6725009053122324,0.5897435897435898,0.5294117647058824,1.0,0.0588235294117647,1.0,0.1111111111111111,0.4222222222222221,0.6229946524064172,1.0,22.0,0.0,16.0
NeuroIMAGE,12,brainnetcnn,45.0,loso_static_v1_holdout-NeuroIMAGE_roi-12_brainnetcnn_seed-45_d8886810,0.6873430303321229,0.5128205128205128,0.5548128342245989,0.46875,0.8823529411764706,0.2272727272727272,0.6122448979591837,0.4785362420830401,0.6577540106951871,15.0,5.0,17.0,2.0
NeuroIMAGE,12,brainnetcnn,46.0,loso_static_v1_holdout-NeuroIMAGE_roi-12_brainnetcnn_seed-46_09f1c0ac,0.6808712247543657,0.5897435897435898,0.536096256684492,0.6666666666666666,0.1176470588235294,0.9545454545454546,0.2,0.4620689655172414,0.6283422459893049,2.0,21.0,1.0,15.0
NeuroIMAGE,12,logreg,,loso_static_v1_holdout-NeuroIMAGE_roi-12_logreg_seed-deterministic_26063416,0.672181975253474,0.6153846153846154,0.5922459893048129,0.5833333333333334,0.4117647058823529,0.7727272727272727,0.4827586206896552,0.5883180858550316,0.6390374331550802,7.0,17.0,5.0,10.0
OHSU,116,brainnetcnn,42.0,loso_static_v1_holdout-OHSU_roi-116_brainnetcnn_seed-42_3f6a0b44,1.214776974125244,0.4393939393939394,0.4426691729323308,0.3714285714285714,0.4642857142857143,0.4210526315789473,0.4126984126984127,0.4382332643202208,0.4285714285714285,13.0,16.0,22.0,15.0
OHSU,116,brainnetcnn,43.0,loso_static_v1_holdout-OHSU_roi-116_brainnetcnn_seed-43_b859581c,1.1883880821275807,0.4545454545454545,0.4699248120300752,0.4,0.5714285714285714,0.3684210526315789,0.4705882352941176,0.4540441176470588,0.4736842105263158,16.0,14.0,24.0,12.0
OHSU,116,brainnetcnn,44.0,loso_static_v1_holdout-OHSU_roi-116_brainnetcnn_seed-44_691173b5,1.1184379904510393,0.4696969696969697,0.4830827067669173,0.4102564102564102,0.5714285714285714,0.3947368421052631,0.4776119402985074,0.4695752009184845,0.5263157894736842,16.0,15.0,23.0,12.0
OHSU,116,brainnetcnn,45.0,loso_static_v1_holdout-OHSU_roi-116_brainnetcnn_seed-45_bd87c205,1.4620618824340692,0.4696969696969697,0.487781954887218,0.4146341463414634,0.6071428571428571,0.3684210526315789,0.4927536231884058,0.4685990338164251,0.4389097744360902,17.0,14.0,24.0,11.0
OHSU,116,brainnetcnn,46.0,loso_static_v1_holdout-OHSU_roi-116_brainnetcnn_seed-46_75f1a570,0.9609246309869938,0.6363636363636364,0.6419172932330828,0.5588235294117647,0.6785714285714286,0.6052631578947368,0.6129032258064516,0.6350230414746544,0.6127819548872182,19.0,23.0,15.0,9.0
OHSU,116,logreg,,loso_static_v1_holdout-OHSU_roi-116_logreg_seed-deterministic_04e53e15,3.546658174582138,0.4696969696969697,0.4971804511278195,0.4222222222222222,0.6785714285714286,0.3157894736842105,0.5205479452054794,0.4636638031112143,0.443609022556391,19.0,12.0,26.0,9.0
OHSU,12,brainnetcnn,42.0,loso_static_v1_holdout-OHSU_roi-12_brainnetcnn_seed-42_beb5a933,0.6754595984688062,0.5909090909090909,0.5648496240601504,0.5238095238095238,0.3928571428571428,0.7368421052631579,0.4489795918367347,0.5618391935087288,0.5714285714285714,11.0,28.0,10.0,17.0
OHSU,12,brainnetcnn,43.0,loso_static_v1_holdout-OHSU_roi-12_brainnetcnn_seed-43_c9f94de9,0.6835028569025727,0.5606060606060606,0.6043233082706767,0.4901960784313725,0.8928571428571429,0.3157894736842105,0.6329113924050633,0.5428707905421544,0.6541353383458648,25.0,12.0,26.0,3.0
OHSU,12,brainnetcnn,44.0,loso_static_v1_holdout-OHSU_roi-12_brainnetcnn_seed-44_7650e303,0.6659935752807306,0.6212121212121212,0.6146616541353384,0.5517241379310345,0.5714285714285714,0.6578947368421053,0.5614035087719298,0.6140350877192982,0.6484962406015038,16.0,25.0,13.0,12.0
OHSU,12,brainnetcnn,45.0,loso_static_v1_holdout-OHSU_roi-12_brainnetcnn_seed-45_751e089e,0.6807108045684246,0.5303030303030303,0.5780075187969925,0.4716981132075472,0.8928571428571429,0.2631578947368421,0.6172839506172839,0.504720406681191,0.6625939849624061,25.0,10.0,28.0,3.0
OHSU,12,brainnetcnn,46.0,loso_static_v1_holdout-OHSU_roi-12_brainnetcnn_seed-46_d9fad943,0.6807260990089475,0.5606060606060606,0.5761278195488722,0.4871794871794871,0.6785714285714286,0.4736842105263157,0.5671641791044776,0.5605051664753158,0.6184210526315789,19.0,18.0,20.0,9.0
OHSU,12,logreg,,loso_static_v1_holdout-OHSU_roi-12_logreg_seed-deterministic_151cac2d,1.082144949373513,0.4848484848484848,0.5103383458646616,0.4318181818181818,0.6785714285714286,0.3421052631578947,0.5277777777777778,0.4805555555555555,0.5328947368421053,19.0,13.0,25.0,9.0
Peking,116,brainnetcnn,42.0,loso_static_v1_holdout-Peking_roi-116_brainnetcnn_seed-42_21dcfd51,0.6906715401065171,0.5136612021857924,0.5136374907017109,0.4175824175824176,0.5135135135135135,0.5137614678899083,0.4606060606060606,0.5089099954771596,0.5504587155963303,38.0,56.0,53.0,36.0
Peking,116,brainnetcnn,43.0,loso_static_v1_holdout-Peking_roi-116_brainnetcnn_seed-43_b2c61984,0.808991696653529,0.5573770491803278,0.550334738408133,0.4578313253012048,0.5135135135135135,0.5871559633027523,0.4840764331210191,0.5482583122542894,0.5354574758244484,38.0,64.0,45.0,36.0
Peking,116,brainnetcnn,44.0,loso_static_v1_holdout-Peking_roi-116_brainnetcnn_seed-44_74de95a3,0.8550570721645296,0.5081967213114754,0.4830151252169601,0.3823529411764705,0.3513513513513513,0.6146788990825688,0.3661971830985915,0.4822057344064386,0.4769402429952888,26.0,67.0,42.0,48.0
Peking,116,brainnetcnn,45.0,loso_static_v1_holdout-Peking_roi-116_brainnetcnn_seed-45_f31475f1,0.872595495444696,0.4972677595628415,0.5085544259856186,0.4117647058823529,0.5675675675675675,0.4495412844036697,0.4772727272727273,0.4965311004784689,0.5171088519712372,42.0,49.0,60.0,32.0
Peking,116,brainnetcnn,46.0,loso_static_v1_holdout-Peking_roi-116_brainnetcnn_seed-46_63b132cd,0.7385255425153892,0.6338797814207651,0.5755021076121993,0.6060606060606061,0.2702702702702703,0.8807339449541285,0.3738317757009345,0.5575722585068379,0.5112819241259609,20.0,96.0,13.0,54.0
Peking,116,logreg,,loso_static_v1_holdout-Peking_roi-116_logreg_seed-deterministic_5f0a23b3,1.3851964974643765,0.5737704918032787,0.5554178031242252,0.4722222222222222,0.4594594594594595,0.6513761467889908,0.4657534246575342,0.5556039850560399,0.5426481527398959,34.0,71.0,38.0,40.0
Peking,12,brainnetcnn,42.0,loso_static_v1_holdout-Peking_roi-12_brainnetcnn_seed-42_9765b3ad,0.6704660810567284,0.5956284153005464,0.506508802380362,0.5,0.0405405405405405,0.9724770642201837,0.075,0.4081293706293706,0.5820728985866601,3.0,106.0,3.0,71.0
Peking,12,brainnetcnn,43.0,loso_static_v1_holdout-Peking_roi-12_brainnetcnn_seed-43_f4760753,0.6884426697616833,0.5191256830601093,0.5247334490453757,0.4270833333333333,0.5540540540540541,0.4954128440366973,0.4823529411764706,0.516686674669868,0.5428961071162907,41.0,54.0,55.0,33.0
Peking,12,brainnetcnn,44.0,loso_static_v1_holdout-Peking_roi-12_brainnetcnn_seed-44_a12a742c,0.6767236925663261,0.5846994535519126,0.5190304983882966,0.4642857142857143,0.1756756756756756,0.8623853211009175,0.2549019607843137,0.4835115864527629,0.5498388296553434,13.0,94.0,15.0,61.0
Peking,12,brainnetcnn,45.0,loso_static_v1_holdout-Peking_roi-12_brainnetcnn_seed-45_c8a946f3,0.6751054611120221,0.5191256830601093,0.5247334490453757,0.4270833333333333,0.5540540540540541,0.4954128440366973,0.4823529411764706,0.516686674669868,0.5928589139598314,41.0,54.0,55.0,33.0
Peking,12,brainnetcnn,46.0,loso_static_v1_holdout-Peking_roi-12_brainnetcnn_seed-46_3ce46c36,0.6863805313980171,0.4863387978142076,0.4950409124721051,0.4,0.5405405405405406,0.4495412844036697,0.4597701149425287,0.4850933908045977,0.5435159930572774,40.0,49.0,60.0,34.0
Peking,12,logreg,,loso_static_v1_holdout-Peking_roi-12_logreg_seed-deterministic_8a9d3964,0.8575324934700854,0.5683060109289617,0.5269650384329283,0.4509803921568627,0.3108108108108108,0.7431192660550459,0.368,0.5200995850622407,0.5283907760971981,23.0,81.0,28.0,51.0
